industry,Name,Brand,Categories,Rate Count,Price
Beer,Pipeworks Ninja vs. Unicorn,Pipeworks Brewing Company,"ALE, Imperial  Double IPA, IPA",17,$10.00
Beer,Pipeworks Lizard King,Pipeworks Brewing Company,"ALE, Pale Ale",8,$11.54
Beer,Pipeworks Blood Of The Unicorn,Pipeworks Brewing Company,"ALE, Amber  Red Ale",1,$11.19
Beer,Pipeworks Brief Relief,Pipeworks Brewing Company,"ALE, Amber  Red Ale",1,$10.99
Beer,Pipeworks Sangremancer Red Ale,Pipeworks Brewing Company,"ALE, Amber  Red Ale",1,$8.99
Beer,Pipeworks Sam Vs. Unicorn,Pipeworks Brewing Company,"ALE, Amber  Red Ale",1,$10.99
Beer,Pipeworks Pineapple Bling Belgian Golden Ale,Pipeworks Brewing Company,"ALE, Golden  Blonde Ale",1,$9.99
Beer,Pipeworks Soma,Pipeworks Brewing Company,"ALE, Golden  Blonde Ale",1,$10.99
Beer,Pipeworks Pineapple Bling Golden Ale ⅙ Barrel,Pipeworks Brewing Company,"ALE, Golden  Blonde Ale",1,$217.00
Beer,Pipeworks XO Man O War Galactic Golden Ale,Pipeworks Brewing Company,"ALE, Golden  Blonde Ale",1,$8.99
Beer,Pipeworks The Mighty Thor,Pipeworks Brewing Company,"ALE, Imperial Porter, Porter",1,$10.50
Beer,Pipeworks Batata Obscura,Pipeworks Brewing Company,"ALE, Porter",1,$10.99
Beer,Pipeworks Hello…,Pipeworks Brewing Company,"ALE, Porter",1,$8.99
Beer,Pipeworks Easter Bunny V.S.O.P.,Pipeworks Brewing Company,"ALE, Wheat Ale",1,$9.99
Beer,Pipeworks Cohen’s State Of Kind,Pipeworks Brewing Company,"ALE, Wheat Ale, Witbier",1,$9.99
Beer,Pipeworks Budapest Gambit,Pipeworks Brewing Company,"ALE, Wheat Ale, Witbier",1,$9.00
Beer,Pipeworks Elijah’s Revival,Pipeworks Brewing Company,"ALE, Wheat Ale",1,$10.99
Beer,Pipeworks A Foolish Wit,Pipeworks Brewing Company,"ALE, Wheat Ale, Witbier",1,$8.79
Beer,Pipeworks Zommelier,Pipeworks Brewing Company,"ALE, Wheat Ale",1,$10.99
Beer,Pipeworks Kate’s Weirdo Wit,Pipeworks Brewing Company,"ALE, Wheat Ale",1,$9.00
Beer,Pipeworks Blue Lady,Pipeworks Brewing Company,"ALE, Wheat Ale",1,$8.99
Beer,Pipeworks Flower Child,Pipeworks Brewing Company,"ALE, Wheat Ale",1,$7.99
Beer,Pipeworks Harbinger,Pipeworks Brewing Company,"ALE, Wheat Ale, Witbier",1,$8.99
Beer,Pipeworks Flavor Memory,Pipeworks Brewing Company,"ALE, Wheat Ale, Witbier",1,$8.99
Beer,Pipeworks G & T,Pipeworks Brewing Company,"ALE, Belgian Strong Ale, Belgian-Style Ale",1,$6.99
Beer,Pipeworks Poivre Vert,Pipeworks Brewing Company,"ALE, Belgian-Style Ale, Saison  Farmhouse Ale",1,$10.00
Beer,Pipeworks North & Western,Pipeworks Brewing Company,"ALE, Belgian-Style Ale, Saison  Farmhouse Ale",1,$10.00
Beer,Pipeworks Glaucus,Pipeworks Brewing Company,"ALE, Belgian-Style Ale, IPA",1,$11.99
Beer,Pipeworks Any Other Name Rose Saison,Pipeworks Brewing Company,"ALE, Belgian-Style Ale, Saison  Farmhouse Ale",1,$6.99
Beer,Pipeworks Nagami Equinox,Pipeworks Brewing Company,"ALE, Belgian Strong Ale, Belgian-Style Ale",1,$10.99
Beer,Pipeworks Derketo Belgian Double IPA,Pipeworks Brewing Company,"ALE, Belgian-Style Ale, IPA",1,$10.99
Beer,Pipeworks Zombie Gnomes,Pipeworks Brewing Company,"ALE, Belgian-Style Ale, Saison  Farmhouse Ale",1,$10.00
Beer,Pipeworks Mosaic Saison,Pipeworks Brewing Company,"ALE, Belgian-Style Ale, Saison  Farmhouse Ale",1,$8.49
Beer,Pipeworks Citra Saison,Pipeworks Brewing Company,"ALE, Belgian-Style Ale, Saison  Farmhouse Ale",1,$10.00
Beer,Pipeworks Cucumber Saison,Pipeworks Brewing Company,"ALE, Belgian-Style Ale, Saison  Farmhouse Ale",1,$6.99
Beer,Pipeworks Razbeardo,Pipeworks Brewing Company,"ALE, Belgian-Style Ale",1,
Beer,Pipeworks Peek A Brew,Pipeworks Brewing Company,"ALE, Belgian Strong Ale, Belgian-Style Ale",1,$10.99
Beer,Pipeworks Gussied Cochon,Pipeworks Brewing Company,"ALE, Belgian Strong Ale, Belgian-Style Ale",1,$9.99
Beer,Pipeworks Ca$H 4 Gold,Pipeworks Brewing Company,"ALE, Belgian Strong Ale, Belgian-Style Ale",1,$10.99
Beer,Pipeworks The Bicent,Pipeworks Brewing Company,"ALE, Belgian Strong Ale, Belgian-Style Ale",1,$9.99
Beer,Pipeworks Saison Du,Pipeworks Brewing Company,"ALE, Belgian-Style Ale, Saison  Farmhouse Ale",1,$9.99
Beer,Pipeworks Fully Hop,Pipeworks Brewing Company,"ALE, Belgian-Style Ale, Saison  Farmhouse Ale",1,$10.89
Beer,Pipeworks Grillz,Pipeworks Brewing Company,"ALE, Belgian Strong Ale, Belgian-Style Ale",1,$11.00
Beer,Pipeworks Blue Beard,Pipeworks Brewing Company,"ALE, Belgian-Style Ale, Dubbel",1,$11.99
Beer,Pipeworks Space Age Pad,Pipeworks Brewing Company,"ALE, Belgian Strong Ale, Belgian-Style Ale",1,$8.99
Beer,Pipeworks Paved W/Good…,Pipeworks Brewing Company,"ALE, Belgian Strong Ale, Belgian-Style Ale",1,$12.49
Beer,Pipeworks End Boss,Pipeworks Brewing Company,"ALE, Belgian-Style Ale, Tripel",1,$9.99
Beer,Pipeworks Death Of Cool Pale Ale,Pipeworks Brewing Company,"ALE, Pale Ale",1,$13.99
Beer,Pipeworks Pineapple Guppy,Pipeworks Brewing Company,"ALE, Pale Ale",1,$10.99
Beer,Pipeworks Lizard King Pale Ale ½ Barrel,Pipeworks Brewing Company,"ALE, Pale Ale",1,$304.00
Beer,Pipeworks Guavanatrix,Pipeworks Brewing Company,"ALE, American Pale Ale, Pale Ale",1,$9.99
Beer,Pipeworks Lizard King Pale Ale ⅙ Barrel,Pipeworks Brewing Company,"ALE, Pale Ale",1,$178.00
Beer,Pipeworks A Midsumme,Pipeworks Brewing Company,"ALE, American Pale Ale, Pale Ale",1,$9.99
Beer,Pipeworks Scotty’s Weirdo Pear,Pipeworks Brewing Company,"ALE, English Pale Ale  Bitter  ESB, Pale Ale",1,$10.00
Beer,Pipeworks Wing It,Pipeworks Brewing Company,"ALE, American Pale Ale, Pale Ale",1,$11.49
Beer,Pipeworks Mojito Maddness,Pipeworks Brewing Company,"ALE, American Pale Ale, Pale Ale",1,$8.99
Beer,Pipeworks Surrounded,Pipeworks Brewing Company,"ALE, American Pale Ale, Pale Ale",1,$9.99
Beer,Pipeworks Equilibrio,Pipeworks Brewing Company,"ALE, English Pale Ale  Bitter  ESB, Pale Ale",1,$7.99
Beer,Pipeworks Cranberry Berliner,Pipeworks Brewing Company,"ALE, Berliner Weisse, Sour  Wild Ale",1,$7.99
Beer,Pipeworks Dos Ghosts,Pipeworks Brewing Company,"ALE, Gose, Sour  Wild Ale",1,$6.99
Beer,Pipeworks Mango Berliner,Pipeworks Brewing Company,"ALE, Berliner Weisse, Sour  Wild Ale",1,$7.99
Beer,Pipeworks A Nice Slice Gose,Pipeworks Brewing Company,"ALE, Gose, Sour  Wild Ale",1,$14.99
Beer,Pipeworks Deep Currant Sour,Pipeworks Brewing Company,"ALE, Sour  Wild Ale",1,$8.39
Beer,Pipeworks Rasberry Berliner,Pipeworks Brewing Company,"ALE, Berliner Weisse, Sour  Wild Ale",1,$7.99
Beer,Pipeworks Let Me Show…,Pipeworks Brewing Company,"ALE, Sour  Wild Ale, Wild Ale",1,$11.49
Beer,Pipeworks Smoke Break Abduction,Pipeworks Brewing Company,"ALE, Stout",1,$10.99
Beer,Pipeworks Sweetheart Waffle Mountain,Pipeworks Brewing Company,"ALE, Stout",1,$8.99
Beer,Pipeworks Imperial End Of Days,Pipeworks Brewing Company,"ALE, Milk Stout, Stout",1,$10.99
Beer,Pipeworks Mint Truffle,Pipeworks Brewing Company,"ALE, Imperial Stout, Stout",1,$10.99
Beer,Pipeworks S’more Money S’more…,Pipeworks Brewing Company,"ALE, Imperial Stout, Stout",1,$10.99
Beer,Pipeworks Cinnamon Abduction,Pipeworks Brewing Company,"ALE, Imperial Stout, Stout",1,$10.99
Beer,Pipeworks Baklabot,Pipeworks Brewing Company,"ALE, Stout",1,$9.99
Beer,Pipeworks Coconut Jones Dog Milk Stout,Pipeworks Brewing Company,"ALE, Milk Stout, Stout",1,$10.99
Beer,Pipeworks Barrel Age Jones Dog,Pipeworks Brewing Company,"ALE, Milk Stout, Stout",1,$9.00
Beer,Pipeworks Abduction Stout,Pipeworks Brewing Company,"ALE, Imperial Stout, Stout",1,$10.99
Beer,Pipeworks Muddy Monk,Pipeworks Brewing Company,"ALE, Stout",1,$10.99
Beer,Pipeworks Abduction Imperial Russian Stout,Pipeworks Brewing Company,"ALE, Imperial Stout, Stout",1,$9.99
Beer,Pipeworks Mocha Abduct,Pipeworks Brewing Company,"ALE, Imperial Stout, Stout",1,$10.99
Beer,Pipeworks Raspberry Truffle Abduction,Pipeworks Brewing Company,"ALE, Imperial Stout, Stout",1,$11.99
Beer,Pipeworks Coffee Break,Pipeworks Brewing Company,"ALE, Imperial Stout, Stout",1,$10.99
Beer,Pipeworks Pistachio Abduction,Pipeworks Brewing Company,"ALE, Imperial Stout, Stout",1,$10.99
Beer,Pipeworks Imperial Hyper,Pipeworks Brewing Company,"ALE, Milk Stout, Stout",1,$10.99
Beer,Pipeworks 1 Glove 1 Mitt,Pipeworks Brewing Company,"ALE, Imperial Stout, Stout",1,$10.99
Beer,Pipeworks Very Berry Abduction,Pipeworks Brewing Company,"ALE, Stout",1,$11.99
Beer,Pipeworks Brewing Company Rudolph Vs. Unicorn Imperial Stout,Pipeworks Brewing Company,"ALE, Imperial Stout, Stout",1,$7.99
Beer,Pipeworks Hey Careful…,Pipeworks Brewing Company,"ALE, Milk Stout, Stout",1,$10.99
Beer,Pipeworks Cherry Murder,Pipeworks Brewing Company,"ALE, Imperial Stout, Stout",1,$10.99
Beer,Pipeworks Game Of Jones,Pipeworks Brewing Company,"ALE, Milk Stout, Stout",1,$9.99
Beer,Pipeworks Vanilla Abduct,Pipeworks Brewing Company,"ALE, Imperial Stout, Stout",1,$10.99
Beer,Pipeworks Cherry Abduction,Pipeworks Brewing Company,"ALE, Imperial Stout, Stout",1,$11.99
Beer,Pipeworks Infinite Galaxy IPA,Pipeworks Brewing Company,"ALE, IPA",1,$12.99
Beer,Pipeworks Speed Of Sound DDH IPA,Pipeworks Brewing Company,"ALE, Imperial  Double IPA, IPA",1,$17.90
Beer,Pipeworks Velocity Of Light DDH IPA,Pipeworks Brewing Company,"ALE, IPA",1,$16.99
Beer,Pipeworks Close Encounter Black IPA,Pipeworks Brewing Company,"ALE, Black IPA, IPA",1,$11.19
Beer,Pipeworks Blueberry Cichlid IPA,Pipeworks Brewing Company,"ALE, Imperial  Double IPA, IPA",1,$10.99
Beer,Pipeworks NvU Vs. The Haze,Pipeworks Brewing Company,"ALE, IPA",1,$17.99
Beer,Pipeworks Fairy Basslet,Pipeworks Brewing Company,"ALE, Imperial  Double IPA, IPA",1,$10.99
Beer,Pipeworks Tropic Of Unicorn Double IPA,Pipeworks Brewing Company,"ALE, IPA",1,$10.99
Beer,Pipeworks Crimson Snapper,Pipeworks Brewing Company,"ALE, Imperial  Double IPA, IPA",1,$10.99
Beer,Pipeworks Arowana,Pipeworks Brewing Company,"ALE, Imperial  Double IPA, IPA",1,$10.99
Beer,Pipeworks Galaxy Unicorn,Pipeworks Brewing Company,"ALE, Imperial  Double IPA, IPA",1,$10.99
Beer,Pipeworks Something Hoppy This Way Comes,Pipeworks Brewing Company,"ALE, Imperial  Double IPA, IPA",1,$9.99
Beer,Pipeworks Citra IPA,Pipeworks Brewing Company,"ALE, IPA",1,$10.99
Beer,Pipeworks Grungeist,Pipeworks Brewing Company,"ALE, Imperial  Double IPA, IPA",1,$9.99
Beer,Pipeworks Bunny & The Bird,Pipeworks Brewing Company,"ALE, IPA",1,$9.99
Beer,Pipeworks Down Unda IPA,Pipeworks Brewing Company,"ALE, Imperial  Double IPA, IPA",1,$10.99
Beer,Pipeworks A Real Gem Oat IPA,Pipeworks Brewing Company,"ALE, IPA, New England  Hazy IPA",1,$19.99
Beer,Pipeworks Citra Ninja Imperial IPA,Pipeworks Brewing Company,"ALE, Imperial  Double IPA, IPA",1,$9.99
Beer,Pipeworks Passion Fruit Guppy,Pipeworks Brewing Company,"ALE, IPA",1,$10.99
Beer,Pipeworks Devil Firefish IPA,Pipeworks Brewing Company,"ALE, Imperial  Double IPA, IPA",1,$10.99
Beer,Pipeworks Cryo Citra Imperial IPA,Pipeworks Brewing Company,"ALE, Imperial  Double IPA, IPA",1,$9.99
Beer,Pipeworks Blood Orange Guppy IPA,Pipeworks Brewing Company,"ALE, IPA, Session IPA",1,$10.99
Beer,Pipeworks Unicorn’s Revenge IPA,Pipeworks Brewing Company,"ALE, Imperial  Double IPA, IPA",1,$9.99
Beer,Pipeworks Toasty Nut Abduction,Pipeworks Brewing Company,"ALE, Imperial  Double IPA, IPA",1,$10.99
Beer,Pipeworks Simcoe Ninja,Pipeworks Brewing Company,"ALE, Imperial  Double IPA, IPA",1,$10.99
Beer,Pipeworks Wolpertinger Double IPA,Pipeworks Brewing Company,"ALE, Imperial  Double IPA, IPA",1,$11.00
Beer,Pipeworks Lupine Ipa,Pipeworks Brewing Company,"ALE, IPA",1,$9.99
Beer,Pipeworks Dragonet,Pipeworks Brewing Company,"ALE, Imperial  Double IPA, IPA",1,$10.99
Beer,Pipeworks Speed Of Sound 1/6 Barrel,Pipeworks Brewing Company,"ALE, IPA",1,$200.00
Beer,Pipeworks Attack/Devil,Pipeworks Brewing Company,"ALE, Imperial  Double IPA, IPA",1,$9.99
Beer,Pipeworks Sure Bet,Pipeworks Brewing Company,"ALE, Imperial  Double IPA, IPA",1,$10.99
Beer,Pipeworks Mandarina,Pipeworks Brewing Company,"ALE, Imperial  Double IPA, IPA",1,$9.99
Beer,Pipeworks Reap Vs Unicorn,Pipeworks Brewing Company,"ALE, Imperial  Double IPA, IPA",1,$10.99
Beer,Pipeworks Galaxy Ghost Imperial IPA,Pipeworks Brewing Company,"ALE, Imperial  Double IPA, IPA",1,$9.99
Beer,Pipeworks Marilime Law,Pipeworks Brewing Company,"ALE, Imperial  Double IPA, IPA",1,$9.99
Beer,Pipeworks Roll Out IPA,Pipeworks Brewing Company,"ALE, IPA",1,$7.99
Beer,Pipeworks Unicorn Vs Mad Fat Double IPA,Pipeworks Brewing Company,"ALE, IPA",1,$8.99
Beer,Pipeworks Sonorous,Pipeworks Brewing Company,"ALE, IPA",1,$10.99
Beer,Pipeworks Majestic,Pipeworks Brewing Company,"ALE, IPA",1,$8.99
Beer,Pipeworks Pacifica/Montka,Pipeworks Brewing Company,"ALE, Imperial  Double IPA, IPA",1,$9.99
Beer,Pipeworks Equinox IPA,Pipeworks Brewing Company,"ALE, IPA",1,$9.99
Beer,Pipeworks Da Fuzz,Pipeworks Brewing Company,"ALE, Imperial  Double IPA, IPA",1,$8.99
Beer,Pipeworks Sorachi/Nelson,Pipeworks Brewing Company,"ALE, Imperial  Double IPA, IPA",1,$9.99
Beer,Pipeworks Killer Queen,Pipeworks Brewing Company,"ALE, Imperial  Double IPA, IPA",1,$10.99
Beer,Pipeworks Pt Weirdo,Pipeworks Brewing Company,"ALE, IPA",1,$9.99
Beer,Pipeworks Summer/Equinox,Pipeworks Brewing Company,"ALE, Imperial  Double IPA, IPA",1,$10.99
Beer,Pipeworks Twin Pines,Pipeworks Brewing Company,"ALE, Imperial  Double IPA, IPA",1,$8.99
Beer,Pipeworks Genuine Bock Beer,Pipeworks Brewing Company,"Bock, Lager",1,$15.72
Beer,Pipeworks Goat Collector,Pipeworks Brewing Company,"Bock, Doppelbock, Lager",1,$10.99
Beer,Pipeworks Premium Pilsner,Pipeworks Brewing Company,"Lager, Pilsner",1,$11.99
Beer,Pipeworks Choice Helles Lager,Pipeworks Brewing Company,"Helles Lager, Lager, Pale Lager",1,$11.99
Beer,Pipeworks Heavy Bough Sahti,Pipeworks Brewing Company,"Sahti, Specialty Beer  Alternatives",1,$8.99
Beer,Pipeworks Rye Caramba! Rye Lager ½ Barrel,Pipeworks Brewing Company,"Rye Beer, Specialty Beer  Alternatives",1,$264.00
Beer,Pipeworks Brown & Stirred Rye Ale ⅙ Barrel,Pipeworks Brewing Company,"Rye Beer, Specialty Beer  Alternatives",1,$257.00
Beer,Pipeworks Rye Caramba! Rye Lager ⅙ Barrel,Pipeworks Brewing Company,"Rye Beer, Specialty Beer  Alternatives",1,$157.00
Beer,Pipeworks Chaton Rose,Pipeworks Brewing Company,Fruit Beer,1,$8.74
Beer,Pipeworks Logan Carre,Pipeworks Brewing Company,"Rye Beer, Specialty Beer  Alternatives",1,$9.99
Beer,Pipeworks Blueberry Pie,Pipeworks Brewing Company,Fruit Beer,1,$9.99
Beer,Evil Twin Even More Jesus,Evil Twin,"ALE, Imperial Stout, Stout",2,$16.99
Beer,Evil Twin Hop Flood,Evil Twin,"ALE, Amber  Red Ale",1,$12.99
Beer,Evil Twin Classique Imperiale,Evil Twin,"ALE, Belgian-Style Ale, Saison  Farmhouse Ale",1,$10.99
Beer,Evil Twin Lil B Porter,Evil Twin,"ALE, Imperial Porter, Porter",1,$13.99
Beer,Evil Twin Imperial Bisscotti Break Natale,Evil Twin,"ALE, Imperial Porter, Porter",1,$15.99
Beer,Evil Twin/Two Roads Two Evil Pachamama Porter,Evil Twin,"ALE, Porter",1,$12.99
Beer,Evil Twin Imperial Doughnut Break,Evil Twin,"ALE, Imperial Porter, Porter",1,$8.99
Beer,Evil Twin Imperial Wedding Cake Break Porter,Evil Twin,"ALE, Imperial Porter, Porter",1,$8.99
Beer,Evil Twin Imperial Doughnut Maple Syrup Bourbon Barrel Aged,Evil Twin,"ALE, Imperial Porter, Porter",1,$25.74
Beer,Evil Twin P.H.A.T Porter,Evil Twin,"ALE, Porter",1,$12.01
Beer,Evil Twin Double Barrel Imperial Biscotti Break,Evil Twin,"ALE, Imperial Porter, Porter",1,$47.02
Beer,Evil Twin Imperial Donut Break,Evil Twin,"ALE, Imperial Porter, Porter",1,$18.99
Beer,Evil Twin Nomader Wit,Evil Twin,"ALE, Wheat Ale, Witbier",1,$10.74
Beer,Evil Twin The Porthole,Evil Twin,"ALE, Belgian-Style Ale, Saison  Farmhouse Ale",1,$12.99
Beer,Evil Twin Nasty Trunks Sour IPA,Evil Twin,"ALE, Belgian-Style Ale, Saison  Farmhouse Ale",1,$12.99
Beer,Evil Twin Grand Cru,Evil Twin,"ALE, Belgian Strong Ale, Belgian-Style Ale",1,$7.99
Beer,Evil Twin Joey Pepper,Evil Twin,"ALE, Belgian-Style Ale",1,$12.99
Beer,Evil Twin Ron And The Beast Ryan,Evil Twin,"ALE, Belgian-Style Ale, Saison  Farmhouse Ale",1,$10.99
Beer,Evil Twin Ryan And The Gosling,Evil Twin,"ALE, Pale Ale",1,$11.00
Beer,Evil Twin Fire Water,Evil Twin,"ALE, Pale Ale",1,$11.19
Beer,Evil Twin Hipster Ale,Evil Twin,"ALE, American Pale Ale, Pale Ale",1,$3.39
Beer,Eviltwin Williamsburg Hipster Ale,Evil Twin,"ALE, American Pale Ale, Pale Ale",1,$8.97
Beer,Evil Twin Brewing Think Of A Beer You Would Want To Crush At Fire Island American Pale Ale,Evil Twin,"ALE, American Pale Ale, Pale Ale",1,$5.69
Beer,Evil Twin Sour Bikini,Evil Twin,"ALE, Sour  Wild Ale",1,$11.99
Beer,Evil Twin Bushido Berliner Weisse Style Ale,Evil Twin,"ALE, Berliner Weisse, Sour  Wild Ale",1,$16.80
Beer,Evil Twin Tropical Itch,Evil Twin,"ALE, Berliner Weisse, Sour  Wild Ale",1,$15.00
Beer,Evil Twin Nomader Weisse,Evil Twin,"ALE, Berliner Weisse, Sour  Wild Ale",1,$10.99
Beer,Evil Twin La Flama Blanca,Evil Twin,"ALE, Gose, Sour  Wild Ale",1,$10.28
Beer,Evil Twin James Beer,Evil Twin,"ALE, Berliner Weisse, Sour  Wild Ale",1,$11.99
Beer,Evil Twin Rhubard Compote Sour,Evil Twin,"ALE, Berliner Weisse, Sour  Wild Ale",1,$5.04
Beer,Evil Twin Mission Gose,Evil Twin,"ALE, Sour  Wild Ale",1,$11.50
Beer,Evil Twin Justin Blabaer,Evil Twin,"ALE, Berliner Weisse, Sour  Wild Ale",1,$12.04
Beer,Evil Twin C Is For Cherry Gose,Evil Twin,"ALE, Gose, Sour  Wild Ale",1,$11.34
Beer,Evil Twin Sanguinem Aurantiaco,Evil Twin,"ALE, Sour  Wild Ale",1,$10.99
Beer,Evil Twin B Is For Blueberry Gose,Evil Twin,"ALE, Gose, Sour  Wild Ale",1,$14.99
Beer,Evil Twin Tropical Super Itchy,Evil Twin,"ALE, Berliner Weisse, Sour  Wild Ale",1,$16.10
Beer,Evil Twin Biere Blanca,Evil Twin,"ALE, Berliner Weisse, Sour  Wild Ale",1,$11.99
Beer,Evil Twin D Is For Dewberry,Evil Twin,"ALE, Gose, Sour  Wild Ale",1,$16.49
Beer,Evil Twin H Is For Hops Gose,Evil Twin,"ALE, Gose, Sour  Wild Ale",1,$5.19
Beer,Evil Twin Imperial Biscotti Break,Evil Twin,"ALE, Imperial Stout, Stout",1,$16.99
Beer,Evil Twin Soft DK,Evil Twin,"ALE, Stout",1,$4.09
Beer,Evil Twin Even More 8 LB 6 OZ Newborn Infant Jesus,Evil Twin,"ALE, Milk Stout, Stout",1,$13.49
Beer,Evil Twin I Love You WIth My Stout,Evil Twin,"ALE, Imperial Stout, Stout",1,$14.59
Beer,Evil Twin Michigan Maple Jesus,Evil Twin,"ALE, Imperial Stout, Stout",1,$24.79
Beer,Evil Twin Irish-ish Coffee Stout,Evil Twin,"ALE, Imperial Stout, Stout",1,$29.99
Beer,Evil Twin From Amager With Love,Evil Twin,,1,$16.95
Beer,Evil Twin Maple Bourbon Barrel-Aged Imperial Mexican Biscotti Toasted Coconut Cake Break,Evil Twin,"ALE, Imperial Stout, Stout",1,$39.99
Beer,Evil Twin/ Westbrook Imperial Mexican Biscotti Cake Break,Evil Twin,"ALE, Imperial Stout, Stout",1,$16.99
Beer,Evil Twin Harlan’s Even More Jesus,Evil Twin,"ALE, Imperial Stout, Stout",1,$38.00
Beer,Evil Twin Black As Midnight On A Moonless Night,Evil Twin,"ALE, Imperial Stout, Stout",1,$8.99
Beer,Evil Twin 90 Day Dry Aged Stout,Evil Twin,"ALE, Dry Stout, Stout",1,$15.19
Beer,Evil Twin Parlez Vous Francais Stout,Evil Twin,"ALE, Imperial Stout, Stout",1,$12.99
Beer,Evil Twin Yin,Evil Twin,"ALE, Imperial Stout, Stout",1,$13.99
Beer,Evil Twin Christmas Eve At A New York City Hotel Room Stout,Evil Twin,"ALE, Imperial Stout, Stout",1,$14.49
Beer,Evil Twin Aun Mas Todo Jesus,Evil Twin,"ALE, Imperial Stout, Stout",1,$7.99
Beer,Evil Twin No Hero Oatmeal Stout,Evil Twin,"ALE, Oatmeal Stout, Stout",1,$10.99
Beer,Evil Twin You’re In The Jungle Baby! Imperial Stout,Evil Twin,"ALE, Imperial Stout, Stout",1,$19.99
Beer,Evil Twin Imperial Biscotti Bourbon Maple Syrup Barrel Aged,Evil Twin,"ALE, Imperial Stout, Stout",1,$26.99
Beer,Evil Twin Even More JCS Imperial Stout,Evil Twin,"ALE, Imperial Stout, Stout",1,$9.95
Beer,Evil Twin Even More Coco Jesus Imperial Stout,Evil Twin,"ALE, Imperial Stout, Stout",1,$15.99
Beer,Evil Twin Imperial Biscotti Chili Hazelnut Break,Evil Twin,"ALE, Imperial Stout, Stout",1,$15.99
Beer,Evil Twin Imperial Biscotti Break Raspberry Umami,Evil Twin,"ALE, Imperial Stout, Stout",1,$23.00
Beer,Evil Twin Even More Pecan Pie Jesus,Evil Twin,"ALE, Imperial Stout, Stout",1,$16.99
Beer,Evil Twin OFYMD Imperial Stout,Evil Twin,"ALE, Imperial Stout, Stout",1,$9.49
Beer,Yin Imperial Stout,Evil Twin,"ALE, Imperial Stout, Stout",1,$4.52
Beer,Evil Twin Double Barrel Bible Belt,Evil Twin,"ALE, Imperial Stout, Stout",1,$25.99
Beer,Evil Twin The Stout That You Like Is Going To Come Back In Style,Evil Twin,"ALE, Stout",1,$8.52
Beer,Evil Twin Some People Are Immune To Good Banana Stout,Evil Twin,"ALE, Imperial Stout, Stout",1,$17.84
Beer,Evil Twin Bible Belt Imperial Stout,Evil Twin,"ALE, Imperial Stout, Stout",1,$34.99
Beer,Evil Twin Retro IPA,Evil Twin,"ALE, IPA",1,$9.99
Beer,Evil Twin Falco,Evil Twin,"ALE, IPA",1,$10.99
Beer,Evil Twin Lost Souls IPA,Evil Twin,"ALE, IPA",1,$18.29
Beer,Evil Twin Rainbownade IPA,Evil Twin,"ALE, IPA",1,$16.99
Beer,Evil Twin Modern IPA,Evil Twin,"ALE, IPA",1,$9.99
Beer,Evil Twin Key Lime Pie IPA,Evil Twin,"ALE, IPA",1,$17.24
Beer,Evil Twin Molotov Cocktail,Evil Twin,"ALE, IPA",1,$11.99
Beer,Evil Twin Molotov Lite,Evil Twin,"ALE, IPA",1,$10.99
Beer,Evil Twin Yang,Evil Twin,"ALE, IPA",1,$13.99
Beer,Evil Twin Brewing Femme Fatale Blanc,Evil Twin,"ALE, IPA",1,$11.99
Beer,Evil Twin Femme Fatal Brett,Evil Twin,"ALE, IPA",1,$11.04
Beer,Evil Twin It’s Soul Good Man IPA,Evil Twin,"ALE, IPA",1,$16.99
Beer,Evil Twin Thats The Kind Of IPA That Makes You Wish You Spoke A Little French,Evil Twin,"ALE, Imperial  Double IPA, IPA",1,$8.99
Beer,Evil Twin The Flava Influencer IPA,Evil Twin,"ALE, IPA",1,$19.19
Beer,Evil Twin Brewing This Must Be Where IPA Go When They Die,Evil Twin,"ALE, IPA",1,$5.54
Beer,Evil Twin Eggnog IPA,Evil Twin,"ALE, IPA",1,$19.19
Beer,Evil Twin The Privilege of A Lifetime Is To Become Who You Truly Are IPA,Evil Twin,"ALE, IPA",1,$18.89
Beer,Evil Twin The Pure and Simple IPA Is Rarely Pure and Never Simple IPA,Evil Twin,"ALE, IPA, Session IPA",1,$13.99
Beer,Evil Twin Citra Sunshine Slacker,Evil Twin,"ALE, IPA, Session IPA",1,$10.99
Beer,Evil Twin It’s like I’m Having the Most Beautiful IPA and the Most Terrible Nightmare at Once,Evil Twin,"ALE, Imperial  Double IPA, IPA",1,$11.49
Beer,Evil Twin Ol Dorado IPA,Evil Twin,"ALE, IPA",1,$17.09
Beer,Evil Twin The Art of Mixing A Beer: Bellini,Evil Twin,"ALE, Imperial  Double IPA, IPA",1,$5.99
Beer,Evil Twin Brewing Blood Orange Margarita,Evil Twin,"ALE, IPA",1,$19.00
Beer,Evil Twin No Snowflake Ever Falls In The Wrong Place IPA,Evil Twin,"ALE, IPA",1,$5.38
Beer,Evil Twin The Art of Mixing A Beer: Negroni,Evil Twin,"ALE, Imperial  Double IPA, IPA",1,$5.29
Beer,Evil Twin Sumo In A Sidecar,Evil Twin,"ALE, IPA",1,$12.99
Beer,Evil Twin Molotov Cocktail Heavy,Evil Twin,"ALE, Imperial  Double IPA, IPA",1,$18.99
Beer,Evil Twin I Always Felt Closer To IPAs Than I Did People,Evil Twin,"ALE, Imperial  Double IPA, IPA",1,$14.49
Beer,Evil Twin Man Is Born Free But Is Everywhere In Chains,Evil Twin,"ALE, IPA",1,$19.99
Beer,Evil Twin The Saus Baus IPA,Evil Twin,"ALE, IPA",1,$22.99
Beer,Evil Twin Molotov Surprise IPA,Evil Twin,"ALE, IPA",1,$12.82
Beer,Evil Twin Kolata IPA,Evil Twin,"ALE, IPA",1,$13.99
Beer,Evil Twin Ceci N’est Pas A NE style IPA,Evil Twin,"ALE, IPA",1,$5.50
Beer,Evil Twin Oh You Betcha IPA,Evil Twin,"ALE, IPA",1,$6.50
Beer,Evil Twin I Don’t Know How To Put This But This IPA Is Kind Of A Big Deal,Evil Twin,"ALE, Imperial  Double IPA, IPA",1,$18.99
Beer,Evil Twin The Check Please,Evil Twin,"ALE, Black IPA, IPA",1,$19.99
Beer,Evil Twin Breaking The Waves Imperial IPA,Evil Twin,"ALE, Imperial  Double IPA, IPA",1,$17.19
Beer,"Evil Twin Every Day, Once A Day, Give Yourself An IPA",Evil Twin,"ALE, IPA",1,$13.99
Beer,Evil Twin Falco IPA 1/6 Barrel,Evil Twin,"ALE, IPA",1,$139.99
Beer,Evil Twin Falco 1/2 Barrel,Evil Twin,"ALE, IPA",1,$331.00
Beer,Evil Twin Mango Femme Fatale,Evil Twin,"ALE, IPA",1,$10.99
Beer,Evil Twin Brewing Femme Fatale Noir,Evil Twin,"ALE, IPA",1,$11.49
Beer,"Evil Twin A Man Who Doesn’t Love IPA Easily, Loves Too Much",Evil Twin,"ALE, Imperial  Double IPA, IPA",1,$29.99
Beer,Evil Twin I Plan On Writing An Epic Poem About This Gorgeous IPA,Evil Twin,"ALE, IPA, New England  Hazy IPA",1,$19.99
Beer,Evil Twin & Omnipollo Old Fashioned Lemonade IPA,Evil Twin,"ALE, IPA",1,$14.99
Beer,Evil Twin Raceday Sour IPA With Pineapple And Aloe Vera Salt,Evil Twin,"ALE, IPA",1,$16.49
Beer,Evil Twin Low Life,Evil Twin,"Lager, Pilsner",1,$10.99
Beer,Evil Twin Greenhouse Pils – American Oak Foudre Edition,Evil Twin,"Lager, Pilsner",1,$20.00
Beer,Evil Twin Pils Al Pastor,Evil Twin,"Lager, Pilsner",1,$10.03
Beer,Evil Twin Ashtray Heart,Evil Twin,"Smoked Beer  Rauchbier, Specialty Beer  Alternatives",1,$13.99
Beer,Evil Twin The Cowboy,Evil Twin,"Smoked Beer  Rauchbier, Specialty Beer  Alternatives",1,$11.64
Beer,Evil Twin Omnipollo Half & Half Lemonade Ice Tea IPA,Evil Twin,Fruit Beer,1,$14.99
Beer,Evil Twin Island Bliss,Evil Twin,"Malt Liquor, Specialty Beer  Alternatives",1,$17.99
Beer,Mikkeller Windy Hill IPA,Mikkeller,"ALE, IPA",5,$13.99
Beer,Mikkeller Raspberry Blush,Mikkeller,"ALE, Berliner Weisse, Sour  Wild Ale",4,$13.99
Beer,Mikkeller Staff Magician Pale Ale,Mikkeller,"ALE, American Pale Ale, Pale Ale",2,$12.99
Beer,Mikkeller Shapes Blonde Ale,Mikkeller,"ALE, Golden  Blonde Ale",1,$12.04
Beer,Mikkeller Porter,Mikkeller,"ALE, Imperial Porter, Porter",1,$11.50
Beer,Mikkeller To/From Fra Til Via (To Via From) Tequila Barrel Aged,Mikkeller,"ALE, Imperial Porter, Porter",1,$14.02
Beer,Mikkeller From To Via,Mikkeller,"ALE, Baltic Porter, Porter",1,$14.98
Beer,Mikkeller To From Via,Mikkeller,"ALE, Baltic Porter, Porter",1,$6.62
Beer,Mikkeller Willets Wit,Mikkeller,"ALE, Wheat Ale, Witbier",1,$15.99
Beer,Mikkeller Wit Fit,Mikkeller,"ALE, Wheat Ale, Witbier",1,$9.99
Beer,Mikkeller Lemoweizen,Mikkeller,"ALE, Hefeweizen, Wheat Ale",1,$21.99
Beer,Mikkeller Can I Get A Wit Wit,Mikkeller,"ALE, Wheat Ale, Witbier",1,$18.74
Beer,Mikkeller Monk’s Brew Elixer,Mikkeller,"ALE, Belgian-Style Ale, Quadrupel",1,$12.49
Beer,Mikkeller Misty Elliot,Mikkeller,"ALE, Belgian-Style Ale, Tripel",1,$12.99
Beer,Mikkeller Table Talker,Mikkeller,"ALE, Belgian-Style Ale",1,$18.99
Beer,Mikkeller Mastodor Mother Puncher,Mikkeller,"ALE, Belgian-Style Ale",1,$5.79
Beer,Mikkeller Ah Hvad?!,Mikkeller,"ALE, Belgian-Style Ale",1,$12.99
Beer,Mikkeller Santa’s Little Helper Aged in Cognac Barrels,Mikkeller,"ALE, Belgian Strong Ale, Belgian-Style Ale",1,$15.49
Beer,Mikkeller Nelson Sauvin Brut Dry Hopped,Mikkeller,"ALE, Belgian Strong Ale, Belgian-Style Ale",1,$26.99
Beer,Mikkeller Nelson Sauvignon Brut,Mikkeller,"ALE, Belgian Strong Ale, Belgian-Style Ale",1,$26.49
Beer,"Mikkeller Peter, Pale & Mary",Mikkeller,"ALE, American Pale Ale, Pale Ale",1,$5.49
Beer,Mikkeller All Others Pale,Mikkeller,"ALE, Pale Ale",1,$8.74
Beer,Mikkeller Tiger Baby American Pale Ale,Mikkeller,"ALE, American Pale Ale, Pale Ale",1,$13.99
Beer,Mikkeller Sparks Pale Ale,Mikkeller,"ALE, American Pale Ale, Pale Ale",1,$6.04
Beer,Mikkeller Brewing Passion Pool Gose,Mikkeller,"ALE, Gose, Sour  Wild Ale",1,$14.99
Beer,Mikkeller Passion Pool,Mikkeller,"ALE, Gose, Sour  Wild Ale",1,$18.99
Beer,Mikkeller Hallo Ich Bin Berliner Weisse Raspberry,Mikkeller,"ALE, Berliner Weisse, Sour  Wild Ale",1,$4.99
Beer,Mikkeller Spontanlingonberry,Mikkeller,"ALE, Lambic, Sour  Wild Ale",1,$15.02
Beer,Mikkeller Spontanpear,Mikkeller,"ALE, Lambic, Sour  Wild Ale",1,$14.74
Beer,Mikkeller Spontandryhop Citra,Mikkeller,"ALE, Sour  Wild Ale, Wild Ale",1,$7.04
