industry,brand_name,product_name,category,actual_price_usd,rating
Tech,Kimheng,"Wayona Nylon Braided USB to Lightning Fast Charging and Data Sync Cable Compatible for iPhone 13, 12,11, X, 8, 7, 6, 5, iPad Air, Pro, Mini (3 FT Pack of 1, Grey)",Computers&Accessories|Accessories&Peripherals|Cables&Accessories|Cables|USBCables,13.19,4.2
Tech,Kimheng,"Ambrane Unbreakable 60W / 3A Fast Charging 1.5m Braided Type C Cable for Smartphones, Tablets, Laptops & other Type C devices, PD Technology, 480Mbps Data Sync, Quick Charge 3.0 (RCT15A, Black)",Computers&Accessories|Accessories&Peripherals|Cables&Accessories|Cables|USBCables,4.19,4.0
Tech,Kimheng,"Sounce Fast Phone Charging Cable & Data Sync USB Cable Compatible for iPhone 13, 12,11, X, 8, 7, 6, 5, iPad Air, Pro, Mini & iOS Devices",Computers&Accessories|Accessories&Peripherals|Cables&Accessories|Cables|USBCables,22.79,3.9
Tech,Kimheng,"boAt Deuce USB 300 2 in 1 Type-C & Micro USB Stress Resistant, Tangle-Free, Sturdy Cable with 3A Fast Charging & 480mbps Data Transmission, 10000+ Bends Lifespan and Extended 1.5m Length(Martian Red)",Computers&Accessories|Accessories&Peripherals|Cables&Accessories|Cables|USBCables,8.39,4.2
Tech,Kimheng,"Portronics Konnect L 1.2M Fast Charging 3A 8 Pin USB Cable with Charge & Sync Function for iPhone, iPad (Grey)",Computers&Accessories|Accessories&Peripherals|Cables&Accessories|Cables|USBCables,4.79,4.2
Tech,Kimheng,"pTron Solero TB301 3A Type-C Data and Fast Charging Cable, Made in India, 480Mbps Data Sync, Strong and Durable 1.5-Meter Nylon Braided USB Cable for Type-C Devices for Charging Adapter (Black)",Computers&Accessories|Accessories&Peripherals|Cables&Accessories|Cables|USBCables,12.0,3.9
Tech,Kimheng,"boAt Micro USB 55 Tangle-free, Sturdy Micro USB Cable with 3A Fast Charging & 480mbps Data Transmission (Black)",Computers&Accessories|Accessories&Peripherals|Cables&Accessories|Cables|USBCables,5.99,4.1
Tech,Kimheng,MI Usb Type-C Cable Smartphone (Black),Computers&Accessories|Accessories&Peripherals|Cables&Accessories|Cables|USBCables,3.59,4.3
Tech,Kimheng,"TP-Link USB WiFi Adapter for PC(TL-WN725N), N150 Wireless Network Adapter for Desktop - Nano Size WiFi Dongle Compatible with Windows 11/10/7/8/8.1/XP/ Mac OS 10.9-10.15 Linux Kernel 2.6.18-4.4.3",Computers&Accessories|NetworkingDevices|NetworkAdapters|WirelessUSBAdapters,11.99,4.2
Tech,Kimheng,"Ambrane Unbreakable 60W / 3A Fast Charging 1.5m Braided Micro USB Cable for Smartphones, Tablets, Laptops & Other Micro USB Devices, 480Mbps Data Sync, Quick Charge 3.0 (RCM15, Black)",Computers&Accessories|Accessories&Peripherals|Cables&Accessories|Cables|USBCables,3.59,4.0
Tech,Kimheng,Portronics Konnect L POR-1081 Fast Charging 3A Type-C Cable 1.2Meter with Charge & Sync Function for All Type-C Devices (Grey),Computers&Accessories|Accessories&Peripherals|Cables&Accessories|Cables|USBCables,4.07,4.3
Tech,Kimheng,boAt Rugged v3 Extra Tough Unbreakable Braided Micro USB Cable 1.5 Meter (Black),Computers&Accessories|Accessories&Peripherals|Cables&Accessories|Cables|USBCables,9.59,4.2
Tech,Kimheng,"AmazonBasics Flexible Premium HDMI Cable (Black, 4K@60Hz, 18Gbps), 3-Foot","Electronics|HomeTheater,TV&Video|Accessories|Cables|HDMICables",8.4,4.4
Tech,Kimheng,"Portronics Konnect CL 20W POR-1067 Type-C to 8 Pin USB 1.2M Cable with Power Delivery & 3A Quick Charge Support, Nylon Braided for All Type-C and 8 Pin Devices, Green",Computers&Accessories|Accessories&Peripherals|Cables&Accessories|Cables|USBCables,10.79,4.2
Tech,Kimheng,Portronics Konnect L 1.2M POR-1401 Fast Charging 3A 8 Pin USB Cable with Charge & Sync Function (White),Computers&Accessories|Accessories&Peripherals|Cables&Accessories|Cables|USBCables,4.79,4.1
Tech,Kimheng,MI Braided USB Type-C Cable for Charging Adapter (Red),Computers&Accessories|Accessories&Peripherals|Cables&Accessories|Cables|USBCables,4.79,4.4
Tech,Kimheng,MI 80 cm (32 inches) 5A Series HD Ready Smart Android LED TV L32M7-5AIN (Black),"Electronics|HomeTheater,TV&Video|Televisions|SmartTelevisions",299.99,4.2
Tech,Kimheng,"Ambrane Unbreakable 60W / 3A Fast Charging 1.5m Braided Type C to Type C Cable for Smartphones, Tablets, Laptops & Other Type C Devices, PD Technology, 480Mbps Data Sync (RCTT15, Black)",Computers&Accessories|Accessories&Peripherals|Cables&Accessories|Cables|USBCables,4.79,4.0
Tech,Kimheng,"boAt Type C A325 Tangle-free, Sturdy Type C Cable with 3A Rapid Charging & 480mbps Data Transmission(Black)",Computers&Accessories|Accessories&Peripherals|Cables&Accessories|Cables|USBCables,5.99,4.1
Tech,Kimheng,LG 80 cm (32 inches) HD Ready Smart LED TV 32LM563BPTC (Dark Iron Gray),"Electronics|HomeTheater,TV&Video|Televisions|SmartTelevisions",263.88,4.3
Tech,Kimheng,"Duracell USB Lightning Apple Certified (Mfi) Braided Sync & Charge Cable For Iphone, Ipad And Ipod. Fast Charging Lightning Cable, 3.9 Feet (1.2M) - Black",Computers&Accessories|Accessories&Peripherals|Cables&Accessories|Cables|USBCables,21.59,4.5
Tech,Kimheng,"tizum HDMI to VGA Adapter Cable 1080P for Projector, Computer, Laptop, TV, Projectors & TV","Electronics|HomeTheater,TV&Video|Accessories|Cables|HDMICables",5.99,3.7
Tech,Kimheng,Samsung 80 cm (32 Inches) Wondertainment Series HD Ready LED Smart TV UA32T4340BKXXL (Glossy Black),"Electronics|HomeTheater,TV&Video|Televisions|SmartTelevisions",274.8,4.3
Tech,Kimheng,Flix Micro Usb Cable For Smartphone (Black),Computers&Accessories|Accessories&Peripherals|Cables&Accessories|Cables|USBCables,2.39,4.0
Tech,Kimheng,Acer 80 cm (32 inches) I Series HD Ready Android Smart LED TV AR32AR2841HDFL (Black),"Electronics|HomeTheater,TV&Video|Televisions|SmartTelevisions",239.88,4.3
Tech,Kimheng,Tizum High Speed HDMI Cable with Ethernet | Supports 3D 4K | for All HDMI Devices Laptop Computer Gaming Console TV Set Top Box (1.5 Meter/ 5 Feet),"Electronics|HomeTheater,TV&Video|Accessories|Cables|HDMICables",8.39,4.2
Tech,Kimheng,OnePlus 80 cm (32 inches) Y Series HD Ready LED Smart Android TV 32Y1 (Black),"Electronics|HomeTheater,TV&Video|Televisions|SmartTelevisions",239.99,4.2
Tech,Kimheng,"Ambrane Unbreakable 3 in 1 Fast Charging Braided Multipurpose Cable for Speaker with 2.1 A Speed - 1.25 meter, Black",Computers&Accessories|Accessories&Peripherals|Cables&Accessories|Cables|USBCables,4.79,4.0
Tech,Kimheng,"Duracell USB C To Lightning Apple Certified (Mfi) Braided Sync & Charge Cable For Iphone, Ipad And Ipod. Fast Charging Lightning Cable, 3.9 Feet (1.2M) - Black",Computers&Accessories|Accessories&Peripherals|Cables&Accessories|Cables|USBCables,23.99,4.4
Tech,Kimheng,"boAt A400 USB Type-C to USB-A 2.0 Male Data Cable, 2 Meter (Black)",Computers&Accessories|Accessories&Peripherals|Cables&Accessories|Cables|USBCables,11.99,4.3
Tech,Kimheng,"AmazonBasics USB 2.0 - A-Male to A-Female Extension Cable for Personal Computer, Printer (Black, 9.8 Feet/3 Meters)",Computers&Accessories|Accessories&Peripherals|Cables&Accessories|Cables|USBCables,9.0,4.5
Tech,Kimheng,"Ambrane 60W / 3A Type C Fast Charging Unbreakable 1.5m L Shaped Braided Cable, PD Technology, 480Mbps Data Transfer for Smartphones, Tablet, Laptops & other type c devices (ABLC10, Black)",Computers&Accessories|Accessories&Peripherals|Cables&Accessories|Cables|USBCables,5.99,4.0
Tech,Kimheng,"Zoul USB C 60W Fast Charging 3A 6ft/2M Long Type C Nylon Braided Data Cable Quick Charger Cable QC 3.0 for Samsung Galaxy M31S M30 S10 S9 S20 Plus, Note 10 9 8, A20e A40 A50 A70 (2M, Grey)",Computers&Accessories|Accessories&Peripherals|Cables&Accessories|Cables|USBCables,13.19,4.3
Tech,Kimheng,"Samsung Original Type C to C Cable - 3.28 Feet (1 Meter), White",Computers&Accessories|Accessories&Peripherals|Cables&Accessories|Cables|USBCables,7.19,4.3
Tech,Kimheng,"pTron Solero T351 3.5Amps Fast Charging Type-C to Type-C PD Data & Charging USB Cable, Made in India, 480Mbps Data Sync, Durable 1 Meter Long Cable for Type-C Smartphones, Tablets & Laptops (Black)",Computers&Accessories|Accessories&Peripherals|Cables&Accessories|Cables|USBCables,11.99,3.9
Tech,Kimheng,"pTron Solero MB301 3A Micro USB Data & Charging Cable, Made in India, 480Mbps Data Sync, Strong & Durable 1.5-Meter Nylon Braided USB Cable for Micro USB Devices - (Black)",Computers&Accessories|Accessories&Peripherals|Cables&Accessories|Cables|USBCables,8.0,3.9
Tech,Kimheng,"Amazonbasics Nylon Braided Usb-C To Lightning Cable, Fast Charging Mfi Certified Smartphone, Iphone Charger (6-Foot, Dark Grey)",Computers&Accessories|Accessories&Peripherals|Cables&Accessories|Cables|USBCables,22.8,4.4
Tech,Kimheng,"Sounce 65W OnePlus Dash Warp Charge Cable, 6.5A Type-C to USB C PD Data Sync Fast Charging Cable Compatible with One Plus 8T/ 9/ 9R/ 9 pro/ 9RT/ 10R/ Nord & for All Type C Devices – Red, 1 Meter",Computers&Accessories|Accessories&Peripherals|Cables&Accessories|Cables|USBCables,11.99,4.0
Tech,Kimheng,OnePlus 126 cm (50 inches) Y Series 4K Ultra HD Smart Android LED TV 50Y1S Pro (Black),"Electronics|HomeTheater,TV&Video|Televisions|SmartTelevisions",551.99,4.2
Tech,Kimheng,"Duracell Type C To Type C 5A (100W) Braided Sync & Fast Charging Cable, 3.9 Feet (1.2M). USB C to C Cable, Supports PD & QC 3.0 Charging, 5 GBPS Data Transmission – Black",Computers&Accessories|Accessories&Peripherals|Cables&Accessories|Cables|USBCables,23.99,4.2
Tech,Kimheng,"AmazonBasics USB 2.0 Cable - A-Male to B-Male - for Personal Computer, Printer- 6 Feet (1.8 Meters), Black",Computers&Accessories|Accessories&Peripherals|Cables&Accessories|Cables|USBCables,8.34,4.5
Tech,Kimheng,Mi 108 cm (43 inches) Full HD Android LED TV 4C | L43M6-INC (Black),"Electronics|HomeTheater,TV&Video|Televisions|SmartTelevisions",419.99,4.3
Tech,Kimheng,"Wayona Nylon Braided 3A Lightning to USB A Syncing and Fast Charging Data Cable for iPhone, Ipad (3 FT Pack of 1, Black)",Computers&Accessories|Accessories&Peripherals|Cables&Accessories|Cables|USBCables,13.19,4.2
Tech,Kimheng,"TP-Link Nano AC600 USB Wi-Fi Adapter(Archer T2U Nano)- 2.4G/5G Dual Band Wireless Network Adapter for PC Desktop Laptop, Mini Travel Size, Supports Windows 11,10, 8.1, 8, 7, XP/Mac OS 10.9-10.15",Computers&Accessories|NetworkingDevices|NetworkAdapters|WirelessUSBAdapters,19.19,4.3
Tech,Kimheng,"FLiX (Beetel USB to Micro USB PVC Data Sync & 2A Fast Charging Cable, Made in India, 480Mbps Data Sync, Solid Cable, 1 Meter Long USB Cable for Micro USB Devices (White)(XCD-M11)",Computers&Accessories|Accessories&Peripherals|Cables&Accessories|Cables|USBCables,2.39,4.0
Tech,Kimheng,"Wecool Nylon Braided Multifunction Fast Charging Cable For Android Smartphone, Ios And Type C Usb Devices, 3 In 1 Charging Cable, 3A, (3 Feet) (Black)",Computers&Accessories|Accessories&Peripherals|Cables&Accessories|Cables|USBCables,11.99,3.3
Tech,Kimheng,D-Link DWA-131 300 Mbps Wireless Nano USB Adapter (Black),Computers&Accessories|NetworkingDevices|NetworkAdapters|WirelessUSBAdapters,14.5,4.1
Tech,Kimheng,"Amazon Basics High-Speed HDMI Cable, 6 Feet - Supports Ethernet, 3D, 4K video,Black","Electronics|HomeTheater,TV&Video|Accessories|Cables|HDMICables",5.7,4.4
Tech,Kimheng,7SEVEN® Compatible for Samsung Smart 4K Ultra HD TV Monitor Remote Control Replacement of Original Samsung TV Remote for LED OLED UHD QLED and Suitable for 6 7 8 Series Samsung TV with Hot Keys BN59-01259E,"Electronics|HomeTheater,TV&Video|Accessories|RemoteControls",11.99,3.6
Tech,Kimheng,"Amazonbasics Micro Usb Fast Charging Cable For Android Smartphone,Personal Computer,Printer With Gold Plated Connectors (6 Feet, Black)",Computers&Accessories|Accessories&Peripherals|Cables&Accessories|Cables|USBCables,4.74,4.2
Tech,Kimheng,"TP-Link AC600 600 Mbps WiFi Wireless Network USB Adapter for Desktop PC with 2.4GHz/5GHz High Gain Dual Band 5dBi Antenna Wi-Fi, Supports Windows 11/10/8.1/8/7/XP, Mac OS 10.15 and earlier (Archer T2U Plus)",Computers&Accessories|NetworkingDevices|NetworkAdapters|WirelessUSBAdapters,26.39,4.4
Tech,Kimheng,"AmazonBasics Micro USB Fast Charging Cable for Android Phones with Gold Plated Connectors (3 Feet, Black)",Computers&Accessories|Accessories&Peripherals|Cables&Accessories|Cables|USBCables,6.0,4.2
Tech,Kimheng,"AmazonBasics New Release Nylon USB-A to Lightning Cable Cord, Fast Charging MFi Certified Charger for Apple iPhone, iPad (6-Ft, Rose Gold)",Computers&Accessories|Accessories&Peripherals|Cables&Accessories|Cables|USBCables,25.2,4.3
Tech,Kimheng,VW 80 cm (32 inches) Frameless Series HD Ready LED TV VW32A (Black),"Electronics|HomeTheater,TV&Video|Televisions|StandardTelevisions",155.99,4.2
Tech,Kimheng,"Ambrane Unbreakable 3A Fast Charging Braided Type C Cable    1.5 Meter (RCT15, Blue) Supports QC 2.0/3.0 Charging",Computers&Accessories|Accessories&Peripherals|Cables&Accessories|Cables|USBCables,4.19,4.1
Tech,Kimheng,Tata Sky Universal Remote,"Electronics|HomeTheater,TV&Video|Accessories|RemoteControls",5.99,3.7
Tech,Kimheng,"TP-LINK WiFi Dongle 300 Mbps Mini Wireless Network USB Wi-Fi Adapter for PC Desktop Laptop(Supports Windows 11/10/8.1/8/7/XP, Mac OS 10.9-10.15 and Linux, WPS, Soft AP Mode, USB 2.0) (TL-WN823N),Black",Computers&Accessories|NetworkingDevices|NetworkAdapters|WirelessUSBAdapters,16.79,4.2
Tech,Kimheng,OnePlus 80 cm (32 inches) Y Series HD Ready Smart Android LED TV 32 Y1S (Black),"Electronics|HomeTheater,TV&Video|Televisions|SmartTelevisions",263.99,4.2
Tech,Kimheng,"Wecool Unbreakable 3 in 1 Charging Cable with 3A Speed, Fast Charging Multi Purpose Cable 1.25 Mtr Long, Type C cable, Micro Usb Cable and Cable for iPhone, White",Computers&Accessories|Accessories&Peripherals|Cables&Accessories|Cables|USBCables,17.99,4.2
Tech,Kimheng,"Portronics Konnect L 1.2Mtr, Fast Charging 3A Micro USB Cable with Charge & Sync Function (Grey)",Computers&Accessories|Accessories&Peripherals|Cables&Accessories|Cables|USBCables,4.19,4.3
Tech,Kimheng,"Airtel DigitalTV DTH Television, Setup Box Remote Compatible for SD and HD Recording (Black)","Electronics|HomeTheater,TV&Video|Accessories|RemoteControls",9.59,3.7
Tech,Kimheng,Samsung 108 cm (43 inches) Crystal 4K Neo Series Ultra HD Smart LED TV UA43AUE65AKXXL (Black),"Electronics|HomeTheater,TV&Video|Televisions|SmartTelevisions",574.8,4.3
Tech,Kimheng,Lapster 1.5 mtr USB 2.0 Type A Male to USB A Male Cable for computer and laptop,Computers&Accessories|Accessories&Peripherals|Cables&Accessories|Cables|USBCables,11.99,4.0
Tech,Kimheng,AmazonBasics USB Type-C to USB Type-C 2.0 Cable - 3 Feet Laptop (0.9 Meters) - White,Computers&Accessories|Accessories&Peripherals|Cables&Accessories|Cables|USBCables,10.14,4.2
Tech,Kimheng,Redmi 80 cm (32 inches) Android 11 Series HD Ready Smart LED TV | L32M6-RA/L32M7-RA (Black),"Electronics|HomeTheater,TV&Video|Televisions|SmartTelevisions",299.99,4.2
Tech,Kimheng,"Amazon Basics High-Speed HDMI Cable, 6 Feet (2-Pack),Black","Electronics|HomeTheater,TV&Video|Accessories|Cables|HDMICables",16.8,4.4
Tech,Kimheng,"Portronics Konnect L 20W PD Quick Charge Type-C to 8-Pin USB Mobile Charging Cable, 1.2M, Tangle Resistant, Fast Data Sync(Grey)",Computers&Accessories|Accessories&Peripherals|Cables&Accessories|Cables|USBCables,8.39,4.1
Tech,Kimheng,Acer 80 cm (32 inches) N Series HD Ready TV AR32NSV53HD (Black),"Electronics|HomeTheater,TV&Video|Televisions|StandardTelevisions",179.88,4.3
Tech,Kimheng,"Model-P4 6 Way Swivel Tilt Wall Mount 32-55-inch Full Motion Cantilever for LED,LCD and Plasma TV's","Electronics|HomeTheater,TV&Video|Accessories|TVMounts,Stands&Turntables|TVWall&CeilingMounts",35.99,4.2
Tech,Kimheng,"Amazon Basics USB Type-C to USB-A 2.0 Male Fast Charging Cable for Laptop - 3 Feet (0.9 Meters), Black",Computers&Accessories|Accessories&Peripherals|Cables&Accessories|Cables|USBCables,8.4,4.3
Tech,Kimheng,"oraimo 65W Type C to C Fast Charging Cable USB C to USB C Cable High Speed Syncing, Nylon Braided 1M length with LED Indicator Compatible For Laptop, Macbook, Samsung Galaxy S22 S20 S10 S20Fe S21 S21 Ultra A70 A51 A71 A50S M31 M51 M31S M53 5G",Computers&Accessories|Accessories&Peripherals|Cables&Accessories|Cables|USBCables,10.79,4.5
Tech,Kimheng,"CEDO 65W OnePlus Dash Warp Charge Cable, USB A to Type C Data Sync Fast Charging Cable Compatible with One Plus 3 /3T /5 /5T /6 /6T /7 /7T /7 pro & for All Type C Devices - 1 Meter, Red",Computers&Accessories|Accessories&Peripherals|Cables&Accessories|Cables|USBCables,7.19,4.1
Tech,Kimheng,Redmi 108 cm (43 inches) 4K Ultra HD Android Smart LED TV X43 | L43R7-7AIN (Black),"Electronics|HomeTheater,TV&Video|Televisions|SmartTelevisions",515.99,4.2
Tech,Kimheng,"Pinnaclz Original Combo of 2 Micro USB Fast Charging Cable, USB Charging Cable for Data Transfer Perfect for Android Smart Phones White 1.2 Meter Made in India (Pack of 2)",Computers&Accessories|Accessories&Peripherals|Cables&Accessories|Cables|USBCables,5.99,4.0
Tech,Kimheng,"boAt Type C A750 Stress Resistant, Tangle-free, Sturdy Flat Cable with 6.5A Fast Charging & 480Mbps Data Transmission, 10000+ Bends Lifespan and Extended 1.5m Length(Rebellious Black)",Computers&Accessories|Accessories&Peripherals|Cables&Accessories|Cables|USBCables,11.99,4.1
Tech,Kimheng,"Ambrane 2 in 1 Type-C & Micro USB Cable with 60W / 3A Fast Charging, 480 mbps High Data, PD Technology & Quick Charge 3.0, Compatible with All Type-C & Micro USB Devices (ABDC-10, Black)",Computers&Accessories|Accessories&Peripherals|Cables&Accessories|Cables|USBCables,5.99,4.1
Tech,Kimheng,"Ambrane 60W / 3A Fast Charging Output Cable with Type-C to USB for Mobile, Neckband, True Wireless Earphone Charging, 480mbps Data Sync Speed, 1m Length (ACT - AZ10, Black)",Computers&Accessories|Accessories&Peripherals|Cables&Accessories|Cables|USBCables,4.79,4.0
Tech,Kimheng,TCL 80 cm (32 inches) HD Ready Certified Android Smart LED TV 32S5205 (Black),"Electronics|HomeTheater,TV&Video|Televisions|SmartTelevisions",371.88,4.1
Tech,Kimheng,"SWAPKART Fast Charging Cable and Data Sync USB Cable Compatible for iPhone 6/6S/7/7+/8/8+/10/11, 12, 13 Pro max iPad Air/Mini, iPod and iOS Devices (White)",Computers&Accessories|Accessories&Peripherals|Cables&Accessories|Cables|USBCables,5.99,3.9
Tech,Kimheng,Firestick Remote,"Electronics|HomeTheater,TV&Video|Accessories|RemoteControls",47.99,4.0
Tech,Kimheng,"Wayona Usb Nylon Braided Data Sync And Charging Cable For Iphone, Ipad Tablet (Red, Black)",Computers&Accessories|Accessories&Peripherals|Cables&Accessories|Cables|USBCables,13.19,4.2
Tech,Kimheng,"Flix (Beetel) Usb To Type C Pvc Data Sync And 2A 480Mbps Data Sync, Tough Fast Charging Long Cable For Usb Type C Devices, Charging Adapter (White, 1 Meter) - Xcd-C12",Computers&Accessories|Accessories&Peripherals|Cables&Accessories|Cables|USBCables,2.99,4.0
Tech,Kimheng,SKYWALL 81.28 cm (32 inches) HD Ready Smart LED TV 32SWELS-PRO (Black),"Electronics|HomeTheater,TV&Video|Televisions|SmartTelevisions",229.5,3.4
Tech,Kimheng,"boAt A 350 Type C Cable for Smartphone, Charging Adapter (1.5m, Carbon Black)",Computers&Accessories|Accessories&Peripherals|Cables&Accessories|Cables|USBCables,9.59,4.4
Tech,Kimheng,"Wayona Usb Type C Fast Charger Cable Fast Charging Usb C Cable/Cord Compatible For Samsung Galaxy S10E S10 S9 S8 Plus S10+,Note 10 Note 9 Note 8,S20,M31S,M40,Realme X3,Pixel 2 Xl (3 Ft Pack Of 1,Grey)",Computers&Accessories|Accessories&Peripherals|Cables&Accessories|Cables|USBCables,15.59,4.2
Tech,Kimheng,OnePlus 108 cm (43 inches) Y Series 4K Ultra HD Smart Android LED TV 43Y1S Pro (Black),"Electronics|HomeTheater,TV&Video|Televisions|SmartTelevisions",479.99,4.2
Tech,Kimheng,Acer 127 cm (50 inches) I Series 4K Ultra HD Android Smart LED TV AR50AR2851UDFL (Black),"Electronics|HomeTheater,TV&Video|Televisions|SmartTelevisions",491.88,4.3
Tech,Kimheng,Samsung 108 cm (43 inches) Crystal 4K Series Ultra HD Smart LED TV UA43AUE60AKLXL (Black),"Electronics|HomeTheater,TV&Video|Televisions|SmartTelevisions",634.8,4.3
Tech,Kimheng,"Lapster 65W compatible for OnePlus Dash Warp Charge Cable , type c to c cable fast charging Data Sync Cable Compatible with One Plus 10R / 9RT/ 9 pro/ 9R/ 8T/ 9/ Nord & for All Type C Devices – Red, 1 Meter",Computers&Accessories|Accessories&Peripherals|Cables&Accessories|Cables|USBCables,11.99,4.5
Tech,Kimheng,"Wayona Nylon Braided (2 Pack) Lightning Fast Usb Data Cable Fast Charger Cord For Iphone, Ipad Tablet (3 Ft Pack Of 2, Grey)",Computers&Accessories|Accessories&Peripherals|Cables&Accessories|Cables|USBCables,23.99,4.2
Tech,Kimheng,"Gizga Essentials USB WiFi Adapter for PC, 150 Mbps Wireless Network Adapter for Desktop - Nano Size WiFi Dongle Compatible with Windows, Mac OS & Linux Kernel | WPA/WPA2 Encryption Standards| Black",Computers&Accessories|NetworkingDevices|NetworkAdapters|WirelessUSBAdapters,9.6,3.6
Tech,Kimheng,OnePlus 108 cm (43 inches) Y Series Full HD Smart Android LED TV 43 Y1S (Black),"Electronics|HomeTheater,TV&Video|Televisions|SmartTelevisions",383.99,4.2
Tech,Kimheng,"boAt Deuce USB 300 2 in 1 Type-C & Micro USB Stress Resistant, Sturdy Cable with 3A Fast Charging & 480mbps Data Transmission, 10000+ Bends Lifespan and Extended 1.5m Length(Mercurial Black)",Computers&Accessories|Accessories&Peripherals|Cables&Accessories|Cables|USBCables,8.39,4.2
Tech,Kimheng,Lapster USB 3.0 A to Micro B SuperSpeed for hard disk cable - short cable,Computers&Accessories|Accessories&Peripherals|Cables&Accessories|Cables|USBCables,11.99,4.1
Tech,Kimheng,TCL 100 cm (40 inches) Full HD Certified Android R Smart LED TV 40S6505 (Black),"Electronics|HomeTheater,TV&Video|Televisions|SmartTelevisions",491.88,4.2
Tech,Kimheng,"ZEBRONICS ZEB-USB150WF1 WiFi USB Mini Adapter Supports 150 Mbps Wireless Data, Comes with Advanced Security WPA/WPA2 encryption Standards",Computers&Accessories|NetworkingDevices|NetworkAdapters|WirelessUSBAdapters,4.19,3.7
Tech,Kimheng,"LOHAYA Remote Compatible for Mi Smart LED TV 4A Remote Control (32""/43"") [ Compatible for Mi Tv Remote Control ] [ Compatible for Mi Smart LED Tv Remote Control ]","Electronics|HomeTheater,TV&Video|Accessories|RemoteControls",9.59,3.8
Tech,Kimheng,"Gilary Multi Charging Cable, 3 in 1 Nylon Braided Fast Charging Cable for iPhone Micro USB Type C Mobile Phone | Colour May Vary |",Computers&Accessories|Accessories&Peripherals|Cables&Accessories|Cables|USBCables,11.99,3.7
Tech,Kimheng,TP-Link UE300 USB 3.0 to RJ45 Gigabit Ethernet Network Adapter - Plug and Play,Computers&Accessories|NetworkingDevices|NetworkAdapters|WirelessUSBAdapters,22.79,4.5
Tech,Kimheng,"Wayona Type C to Lightning MFI Certified 20W Fast charging Nylon Braided USB C Cable for iPhone 14, 14 Pro, 14 Pro Max, 14 Plus, 13, 13 Pro, 13 Pro Max, 13 Mini, 12, 12 Pro, 11, 11 Pro Max iPhone 12 Mini, X, 8 (2M, Grey)",Computers&Accessories|Accessories&Peripherals|Cables&Accessories|Cables|USBCables,17.99,4.1
Tech,Kimheng,Dealfreez Case Compatible with Fire TV Stick 3rd Gen 2021 Full Wrap Silicone Remote Cover Anti-Lost with Loop (D-Black),"Electronics|HomeTheater,TV&Video|Accessories|RemoteControls",17.99,4.3
Tech,Kimheng,"Amazon Basics New Release Nylon USB-A to Lightning Cable Cord, Fast Charging MFi Certified Charger for Apple iPhone, iPad (3-Ft, Rose Gold)",Computers&Accessories|Accessories&Peripherals|Cables&Accessories|Cables|USBCables,21.71,4.3
Tech,Kimheng,Isoelite Remote Compatible for Samsung LED/LCD Remote Control Works with All Samsung LED/LCD TV Model No :- BN59-607A (Please Match The Image with Your Old Remote),"Electronics|HomeTheater,TV&Video|Accessories|RemoteControls",10.79,4.0
Tech,Kimheng,MI 100 cm (40 inches) 5A Series Full HD Smart Android LED TV with 24W Dolby Audio & Metal Bezel-Less Frame (Black) (2022 Model),"Electronics|HomeTheater,TV&Video|Televisions|SmartTelevisions",359.99,4.2
Tech,Kimheng,"Wayona Nylon Braided USB Data Sync and Fast Charging 3A Short Power Bank Cable For iPhones, iPad Air, iPad mini, iPod Nano and iPod Touch (Grey)",Computers&Accessories|Accessories&Peripherals|Cables&Accessories|Cables|USBCables,11.99,4.2
Tech,Kimheng,"Wayona Type C To Type C Long Fast Charging Cable Type C Charger Cord Compatible With Samsung S22 S20 S20 Fe 2022 S22 Ultra S21 Ultra A70 A51 A53 A33 A73 M51 M31 M33 M53 (Grey, 2M, 65W, 6Ft)",Computers&Accessories|Accessories&Peripherals|Cables&Accessories|Cables|USBCables,11.99,4.3
Tech,Kimheng,"Wayona Nylon Braided 2M / 6Ft Fast Charge Usb To Lightning Data Sync And Charging Cable For Iphone, Ipad Tablet (6 Ft Pack Of 1, Grey)",Computers&Accessories|Accessories&Peripherals|Cables&Accessories|Cables|USBCables,15.59,4.2
Tech,Kimheng,CROSSVOLT Compatible Dash/Warp Data Sync Fast Charging Cable Supported for All C Type Devices (Cable),Computers&Accessories|Accessories&Peripherals|Cables&Accessories|Cables|USBCables,11.99,4.3
Tech,Kimheng,VU 139 cm (55 inches) The GloLED Series 4K Smart LED Google TV 55GloLED (Grey),"Electronics|HomeTheater,TV&Video|Televisions|SmartTelevisions",780.0,4.3
Tech,Kimheng,"PTron Solero T241 2.4A Type-C Data & Charging USB Cable, Made in India, 480Mbps Data Sync, Durable 1-Meter Long USB Cable for Type-C USB Devices for Charging Adapter (Black)",Computers&Accessories|Accessories&Peripherals|Cables&Accessories|Cables|USBCables,9.6,3.9
Tech,Kimheng,"Croma 80 cm (32 Inches) HD Ready LED TV (CREL7369, Black) (2021 Model)","Electronics|HomeTheater,TV&Video|Televisions|StandardTelevisions",240.0,4.1
Tech,Kimheng,"boAt Laptop, Smartphone Type-c A400 Male Data Cable (Carbon Black)",Computers&Accessories|Accessories&Peripherals|Cables&Accessories|Cables|USBCables,11.99,4.3
Tech,Kimheng,LG 80 cm (32 inches) HD Ready Smart LED TV 32LQ576BPSA (Ceramic Black),"Electronics|HomeTheater,TV&Video|Televisions|SmartTelevisions",287.88,4.3
Tech,Kimheng,"boAt Type C A750 Stress Resistant, Tangle-free, Sturdy Flat Cable with 6.5A Fast Charging & 480Mbps Data Transmission, 10000+ Bends Lifespan and Extended 1.5m Length(Radiant Red)",Computers&Accessories|Accessories&Peripherals|Cables&Accessories|Cables|USBCables,11.99,4.1
Tech,Kimheng,Cotbolt Silicone Protective Case Cover for LG an MR21GA Magic Remote Shockproof for LG Smart TV Remote 2021 Protective Skin Waterproof Anti Lost (Black) (Remote Not Included),"Electronics|HomeTheater,TV&Video|Accessories|RemoteControls",23.99,4.5
Tech,Kimheng,Portronics Konnect L POR-1403 Fast Charging 3A Type-C Cable 1.2 Meter with Charge & Sync Function for All Type-C Devices (White),Computers&Accessories|Accessories&Peripherals|Cables&Accessories|Cables|USBCables,4.79,4.1
Tech,Kimheng,Electvision Remote Control Compatible with Amazon Fire tv Stick (Pairing Manual Will be Back Side Remote Control)(P),"Electronics|HomeTheater,TV&Video|Accessories|RemoteControls",23.99,3.6
Tech,Kimheng,"King Shine Multi Retractable 3.0A Fast Charger Cord, Multiple Charging Cable 4Ft/1.2m 3-in-1 USB Charge Cord Compatible with Phone/Type C/Micro USB for All Android and iOS Smartphones (Random Colour)",Computers&Accessories|Accessories&Peripherals|Cables&Accessories|Cables|USBCables,11.99,3.5
Tech,Kimheng,"Lapster 5 pin mini usb cable, usb b cable,camera cable usb2.0 for External HDDS/Card Readers/Camera etc.",Computers&Accessories|Accessories&Peripherals|Cables&Accessories|Cables|USBCables,11.99,4.0
Tech,Kimheng,"Portronics Konnect Spydr 31 3-in-1 Multi Functional Cable with 3.0A Output, Tangle Resistant, 1.2M Length, Nylon Braided(Zebra)",Computers&Accessories|Accessories&Peripherals|Cables&Accessories|Cables|USBCables,10.79,3.8
Tech,Kimheng,"Belkin Apple Certified Lightning To Type C Cable, Tough Unbreakable Braided Fast Charging For Iphone, Ipad, Air Pods, 3.3 Feet (1 Meters)    White",Computers&Accessories|Accessories&Peripherals|Cables&Accessories|Cables|USBCables,23.99,4.4
Tech,Kimheng,Remote Control Compatible for Amazon Fire Tv Stick Remote Control [ 3rd Gen ](Not Compatible for Fire TV Edition Smart TV) from basesailor,"Electronics|HomeTheater,TV&Video|Accessories|RemoteControls",47.99,3.7
Tech,Kimheng,VW 80 cm (32 inches) Playwall Frameless Series HD Ready Android Smart LED TV VW3251 (Black),"Electronics|HomeTheater,TV&Video|Televisions|SmartTelevisions",191.99,4.3
Tech,Kimheng,Hisense 108 cm (43 inches) 4K Ultra HD Smart Certified Android LED TV 43A6GE (Black),"Electronics|HomeTheater,TV&Video|Televisions|SmartTelevisions",539.88,4.1
Tech,Kimheng,Redmi 126 cm (50 inches) 4K Ultra HD Android Smart LED TV X50 | L50M6-RA (Black),"Electronics|HomeTheater,TV&Video|Televisions|SmartTelevisions",539.99,4.2
Tech,Kimheng,AmazonBasics 6-Feet DisplayPort (not USB port) to HDMI Cable Black,"Electronics|HomeTheater,TV&Video|Accessories|Cables|HDMICables",20.4,4.1
Tech,Kimheng,AmazonBasics 3 Feet High Speed HDMI Male to Female 2.0 Extension Cable,"Electronics|HomeTheater,TV&Video|Accessories|Cables|HDMICables",7.14,4.3
Tech,Kimheng,iFFALCON 80 cm (32 inches) HD Ready Smart LED TV 32F53 (Black),"Electronics|HomeTheater,TV&Video|Televisions|SmartTelevisions",335.88,4.2
Tech,Kimheng,7SEVEN® Compatible Lg Smart Tv Remote Suitable for Any LG LED OLED LCD UHD Plasma Android Television and AKB75095303 replacement of Original Lg Tv Remote Control,"Electronics|HomeTheater,TV&Video|Accessories|RemoteControls",7.19,4.2
Tech,Kimheng,"AmazonBasics 3.5mm to 2-Male RCA Adapter Cable For Tablet, Smartphone (Black, 15 feet)","Electronics|HomeTheater,TV&Video|Accessories|Cables|RCACables",14.4,4.4
Tech,Kimheng,Acer 109 cm (43 inches) I Series 4K Ultra HD Android Smart LED TV AR43AR2851UDFL (Black),"Electronics|HomeTheater,TV&Video|Televisions|SmartTelevisions",419.88,4.3
Tech,Kimheng,"Wayona Usb Type C 65W 6Ft/2M Long Fast Charging Cable Compatible For Samsung S22 S20 Fe S21 Ultra A33 A53 A01 A73 A70 A51 M33 M53 M51 M31(2M, Black)",Computers&Accessories|Accessories&Peripherals|Cables&Accessories|Cables|USBCables,11.99,4.3
Tech,Kimheng,"Saifsmart Outlet Wall Mount Hanger Holder for Dot 3rd Gen, Compact Bracket Case Plug and Built-in Cable Management for Kitchen Bathroom, Bedroom (Black)",Electronics|HomeAudio|Accessories|SpeakerAccessories|Mounts,15.59,4.0
Tech,Kimheng,"MI 2-in-1 USB Type C Cable (Micro USB to Type C) 30cm for Smartphone, Headphone, Laptop (White)",Computers&Accessories|Accessories&Peripherals|Cables&Accessories|Cables|USBCables,3.59,3.9
Tech,Kimheng,"AmazonBasics New Release ABS USB-A to Lightning Cable Cord, Fast Charging MFi Certified Charger for Apple iPhone, iPad Tablet (3-Ft, White)",Computers&Accessories|Accessories&Peripherals|Cables&Accessories|Cables|USBCables,18.0,4.2
Tech,Kimheng,LG 108 cm (43 inches) 4K Ultra HD Smart LED TV 43UQ7500PSF (Ceramic Black),"Electronics|HomeTheater,TV&Video|Televisions|SmartTelevisions",599.88,4.3
Tech,Kimheng,"pTron Solero 331 3.4Amps Multifunction Fast Charging Cable, 3-in-1 USB Cable Micro USB/Type-C/iOS, Made in India, Durable & Strong & Tangle-free 118cm in Length (Black)",Computers&Accessories|Accessories&Peripherals|Cables&Accessories|Cables|USBCables,11.17,3.9
Tech,Kimheng,"10k 8k 4k HDMI Cable, Certified 48Gbps 1ms Ultra High Speed HDMI 2.1 Cable 4k 120Hz 144Hz 2k 165Hz 8k 60Hz Dynamic HDR ARC eARC DTS:X Compatible for Mac Gaming PC Soundbar TV Monitor Laptop PS5 4 Xbox","Electronics|HomeTheater,TV&Video|Accessories|Cables|HDMICables",28.79,4.6
Tech,Kimheng,LRIPL Compatible Sony Bravia LCD/led Remote Works with Almost All Sony led/LCD tv's,"Electronics|HomeTheater,TV&Video|Accessories|RemoteControls",4.79,3.9
Tech,Kimheng,"boAt Type-c A400 Type-c to USB A Cable for All Type C Phones (Lg nexus 5x), 1Mtr(Black)",Computers&Accessories|Accessories&Peripherals|Cables&Accessories|Cables|USBCables,8.39,4.3
Tech,Kimheng,"Zoul Type C to Type C Fast Charging Cable 65W 2M/6ft USB C Nylon Braided Cord Compatible with MacBook Oneplus 9 9R Samsung Galaxy S21 Ultra S20+ (2M, Black)",Computers&Accessories|Accessories&Peripherals|Cables&Accessories|Cables|USBCables,13.19,4.1
Tech,Kimheng,"TP-LINK AC1300 Archer T3U Plus High Gain USB 3.0 Wi-Fi Dongle, Wireless Dual Band MU-MIMO WiFi Adapter with High Gain Antenna, Supports Windows 11/10/8.1/8/7/XP/MacOS",Computers&Accessories|NetworkingDevices|NetworkAdapters|WirelessUSBAdapters,35.99,4.4
Tech,Kimheng,"LRIPL Mi Remote Control with Netflix & Prime Video Button Compatible for Mi 4X LED Android Smart TV 4A Remote Control (32""/43"") with Voice Command (Pairing Required)","Electronics|HomeTheater,TV&Video|Accessories|RemoteControls",13.19,3.2
Tech,Kimheng,"TP-Link Nano USB WiFi Dongle 150Mbps High Gain Wireless Network Wi-Fi Adapter for PC Desktop and Laptops, Supports Windows 10/8.1/8/7/XP, Linux, Mac OS X (TL-WN722N)",Computers&Accessories|NetworkingDevices|NetworkAdapters|WirelessUSBAdapters,16.07,4.2
Tech,Kimheng,Kodak 80 cm (32 inches) HD Ready Certified Android LED TV 32HDX7XPRO (Black),"Electronics|HomeTheater,TV&Video|Televisions|SmartTelevisions",155.99,4.2
Tech,Kimheng,Airtel DigitalTV DTH Remote SD/HD/HD Recording Compatible for Television (Shining Black ),"Electronics|HomeTheater,TV&Video|Accessories|RemoteControls",5.99,3.7
Tech,Kimheng,"AmazonBasics New Release Nylon USB-A to Lightning Cable Cord, MFi Certified Charger for Apple iPhone, iPad, Silver, 6-Ft",Computers&Accessories|Accessories&Peripherals|Cables&Accessories|Cables|USBCables,25.2,4.5
Tech,Kimheng,"Ambrane Fast 100W Output Cable with Type-C to Type-C for Mobile, Laptop, Macbook & Table Charging, 480mbps Data Sync Speed, Braided Cable, 1.5m Length (ABCC-100, Black-Grey)",Computers&Accessories|Accessories&Peripherals|Cables&Accessories|Cables|USBCables,10.79,4.2
Tech,Kimheng,"BlueRigger Digital Optical Audio Toslink Cable (3.3 Feet / 1 Meter) With 8 Channel (7.1) Audio Support (for Home Theatre, Xbox, Playstation etc.)","Electronics|HomeTheater,TV&Video|Accessories|Cables|OpticalCables",7.19,4.2
Tech,Kimheng,"Duracell Type-C To Micro 1.2M braided Sync & Charge Cable, USB C to Micro Fast Charge Compatible for fast data transmission (Black)",Computers&Accessories|Accessories&Peripherals|Cables&Accessories|Cables|USBCables,8.39,4.2
Tech,Kimheng,VU 138 cm (55 inches) Premium Series 4K Ultra HD Smart IPS LED TV 55UT (Black),"Electronics|HomeTheater,TV&Video|Televisions|SmartTelevisions",780.0,4.1
Tech,Kimheng,"Zoul USB Type C Fast Charging 3A Nylon Braided Data Cable Quick Charger Cable QC 3.0 for Samsung Galaxy M31s M30 S10 S9 S20 Plus, Note 10 9 8, A20e A40 A50 A70 (1M, Grey)",Computers&Accessories|Accessories&Peripherals|Cables&Accessories|Cables|USBCables,13.19,4.3
Tech,Kimheng,Samsung 80 cm (32 inches) Wondertainment Series HD Ready LED Smart TV UA32TE40AAKBXL (Titan Gray),"Electronics|HomeTheater,TV&Video|Televisions|SmartTelevisions",250.8,4.3
Tech,Kimheng,MI Xiaomi USB Type C HYperCharge Cable 6A 100cm Sturdy and Durable Black Supports 120W HyperCharging,Computers&Accessories|Accessories&Peripherals|Cables&Accessories|Cables|USBCables,15.59,4.3
Tech,Kimheng,GENERIC Ultra-Mini Bluetooth CSR 4.0 USB Dongle Adapter for Windows Computer ( Black:Golden),Computers&Accessories|NetworkingDevices|NetworkAdapters|WirelessUSBAdapters,4.79,3.4
Tech,Kimheng,7SEVEN® Compatible for Tata Sky Remote Original Set Top HD Box and Suitable for SD Tata Play setup Box Remote Control,"Electronics|HomeTheater,TV&Video|Accessories|RemoteControls",9.59,4.3
Tech,Kimheng,"Belkin Apple Certified Lightning To Type C Cable, Fast Charging For Iphone, Ipad, Air Pods, 3.3 Feet (1 Meters)    White",Computers&Accessories|Accessories&Peripherals|Cables&Accessories|Cables|USBCables,23.99,4.4
Tech,Kimheng,"EGate i9 Pro-Max 1080p Native Full HD Projector 4k Support | 3600 L (330 ANSI ) | 150"" (381 cm) Large Screen | VGA, AV, HDMI, SD Card, USB, Audio Out | (E03i31 / E04i32) Black","Electronics|HomeTheater,TV&Video|Projectors",191.88,3.9
Tech,Kimheng,"ZEBRONICS HAA2021 HDMI version 2.1 cable with 8K @ 60Hz, 4K @ 120Hz, eARC & CEC support, 3D compatible, 2 meters length, 48Gbps max and Gold-plated connectors","Electronics|HomeTheater,TV&Video|Accessories|Cables|HDMICables",17.99,4.1
Tech,Kimheng,7SEVEN® Compatible for Sony Bravia LCD LED UHD OLED QLED 4K Ultra HD TV remote control with YouTube and NETFLIX Hotkeys. Universal Replacement for Original Sony Smart Android tv Remote Control,"Electronics|HomeTheater,TV&Video|Accessories|RemoteControls",10.79,3.9
Tech,Kimheng,AmazonBasics Digital Optical Coax to Analog RCA Audio Converter Adapter with Fiber Cable,"Electronics|HomeTheater,TV&Video|Accessories|Cables|OpticalCables",19.2,4.0
Tech,Kimheng,"Wayona Type C Cable Nylon Braided USB C QC 3.0 Fast Charging Short Power Bank Cable for Samsung Galaxy S10e/S10+/S10/S9/S9+/Note 9/S8/Note 8, LG G7 G5 G6, Moto G6 G7 (0.25M, Black)",Computers&Accessories|Accessories&Peripherals|Cables&Accessories|Cables|USBCables,11.99,4.3
Tech,Kimheng,"Pinnaclz Original Combo of 2 USB Type C Fast Charging Cable, USB C Data Cable for Charging and Data Transfer Smart Phones White 1.2 Meter Made in India (Pack of 2)",Computers&Accessories|Accessories&Peripherals|Cables&Accessories|Cables|USBCables,5.99,4.0
Tech,Kimheng,Ambrane BCL-15 Lightning Cable for Smartphone (1.5m Black),Computers&Accessories|Accessories&Peripherals|Cables&Accessories|Cables|USBCables,4.79,3.9
Tech,Kimheng,"Belkin USB C to USB-C Fast Charging Type C Cable, 60W PD, 3.3 feet (1 meter) for Laptop, Personal Computer, Tablet, Smartphone - Black, USB-IF Certified",Computers&Accessories|Accessories&Peripherals|Cables&Accessories|Cables|USBCables,10.19,4.5
Tech,Kimheng,LOHAYA Television Remote Compatible with Samsung Smart LED/LCD/HD TV Remote Control [ Compatible for All Samsung Tv Remote Control ],"Electronics|HomeTheater,TV&Video|Accessories|RemoteControls",14.39,3.9
Tech,Kimheng,"Wayona Nylon Braided Lightning USB Data Sync & 3A Charging Cable for iPhones, iPad Air, iPad Mini, iPod Nano and iPod Touch (3 FT Pack of 1, Grey)",Computers&Accessories|Accessories&Peripherals|Cables&Accessories|Cables|USBCables,15.59,4.2
Tech,Kimheng,Electvision Remote Control Compatible with Kodak/Thomson Smart led tv (Without Voice) Before Placing Order for verification Contact Our coustmer Care 7738090464,"Electronics|HomeTheater,TV&Video|Accessories|RemoteControls",23.99,4.0
Tech,Kimheng,Acer 80 cm (32 inches) S Series HD Ready Android Smart LED TV AR32AR2841HDSB (Black),"Electronics|HomeTheater,TV&Video|Televisions|SmartTelevisions",275.88,4.3
Tech,Kimheng,"realme 10W Fast Charging Micro-USB Cable (Braided, Black)",Computers&Accessories|Accessories&Peripherals|Cables&Accessories|Cables|USBCables,4.79,4.0
Tech,Kimheng,"TP-Link AC1300 USB WiFi Adapter (Archer T3U) - 2.4G/5G Dual Band Mini Wireless Network Adapter for PC Desktop, MU-MIMO Wi-Fi Dongle, USB 3.0, Supports Windows 11,10, 8.1, 8, 7, XP/Mac OS 10.15 and earlier",Computers&Accessories|NetworkingDevices|NetworkAdapters|WirelessUSBAdapters,29.99,4.4
Tech,Kimheng,Acer 139 cm (55 inches) I Series 4K Ultra HD Android Smart LED TV AR55AR2851UDFL (Black),"Electronics|HomeTheater,TV&Video|Televisions|SmartTelevisions",575.88,4.3
Tech,Kimheng,"Ambrane 60W / 3A Fast Charging Output Cable with Micro to USB for Mobile, Neckband, True Wireless Earphone Charging, 480mbps Data Sync Speed, 1m Length (ACM - AZ1, Black)",Computers&Accessories|Accessories&Peripherals|Cables&Accessories|Cables|USBCables,4.79,4.0
Tech,Kimheng,"Wayona USB Type C 65W Fast Charging 2M/6Ft Long Flash Charge Cable 3A QC 3.0 Data Cable Compatible with Samsung Galaxy S21 S10 S9 S8, iQOO Z3, Vivo, Note 10 9 8, A20e A40 A50 A70, Moto G7 G8 (2M, Grey)",Computers&Accessories|Accessories&Peripherals|Cables&Accessories|Cables|USBCables,11.99,4.3
Tech,Kimheng,"Syncwire LTG to USB Cable for Fast Charging Compatible with Phone 5/ 5C/ 5S/ 6/ 6S/ 7/8/ X/XR/XS Max/ 11/12/ 13 Series and Pad Air/Mini, Pod & Other Devices (1.1 Meter, White)",Computers&Accessories|Accessories&Peripherals|Cables&Accessories|Cables|USBCables,23.99,5.0
Tech,Kimheng,"Skadioo WiFi Adapter for pc | Car Accessories, WiFi Dongle for pc | USB WiFi Adapter for pc | Wi-Fi Receiver 2.4GHz, 802.11b/g/n UNano Size WiFi Dongle Compatible Adapter,WiFi dongle for pc",Computers&Accessories|NetworkingDevices|NetworkAdapters|WirelessUSBAdapters,5.99,3.7
Tech,Kimheng,"FLiX (Beetel USB to Type C PVC Data Sync & 15W(3A) TPE Fast Charging Cable, Made in India, 480Mbps Data Sync, 1 Meter Long cable for all Andriod & all Type C Devices (Black)(XCD - FPC02)",Computers&Accessories|Accessories&Peripherals|Cables&Accessories|Cables|USBCables,3.59,4.0
Tech,Kimheng,"Zoul USB C to USB C Fast Charging Cable 65W Type C to Type C Nylon Braided Cord Compatible with Macbook Oneplus 9 10R Samsung Galaxy S22 S21 Ultra Z Flip3 Macbook Air/Pro M1 Google Pixel 11'' iPad Pro 2020/2018 (2M, Grey)",Computers&Accessories|Accessories&Peripherals|Cables&Accessories|Cables|USBCables,13.19,4.1
Tech,Kimheng,"FLiX (Beetel Flow USB to Micro USB PVC Data Sync & 12W(2.4A) Fast Charging Cable,Made in India,480Mbps Data Sync,Solid Cable,1 Meter Long cable for all Andriod & Micro USB Devices (Black)(XCD-FPM01)",Computers&Accessories|Accessories&Peripherals|Cables&Accessories|Cables|USBCables,2.39,4.0
Tech,Kimheng,7SEVEN® Bluetooth Voice Command Remote for Xiaomi Redmi Mi Smart TV with Netflix & Prime Video Hot Keys XMRM-00A,"Electronics|HomeTheater,TV&Video|Accessories|RemoteControls",23.99,3.3
Tech,Kimheng,Sony TV - Remote Compatible for Sony LED Remote Control Works with Sony LED TV by Trend Trail Speed tech & Remote hi Remote & REO India only,"Electronics|HomeTheater,TV&Video|Accessories|RemoteControls",5.99,3.8
Tech,Kimheng,"Storite USB 3.0 Cable A to Micro B high Speed Upto 5 Gbps Data Transfer Cable for Portable External Hard Drive - (20cm), Black",Computers&Accessories|Accessories&Peripherals|Cables&Accessories|Cables|USBCables,8.39,4.1
Tech,Kimheng,"boAt LTG 500 Apple MFI Certified for iPhone, iPad and iPod 2Mtr Data Cable(Space Grey)",Computers&Accessories|Accessories&Peripherals|Cables&Accessories|Cables|USBCables,11.99,4.1
Tech,Kimheng,"AmazonBasics USB C to Lightning Aluminum with Nylon Braided MFi Certified Charging Cable (Grey, 1.2 meter)",Computers&Accessories|Accessories&Peripherals|Cables&Accessories|Cables|USBCables,23.99,4.4
Tech,Kimheng,"AmazonBasics Double Braided Nylon USB Type-C to Type-C 2.0 Cable Smartphone (Dark Grey, 3 feet)",Computers&Accessories|Accessories&Peripherals|Cables&Accessories|Cables|USBCables,14.4,4.3
Tech,Kimheng,"Amazon Basics USB 3.0 Cable - A Male to Micro B - 6 Feet (1.8 Meters), Black",Computers&Accessories|Accessories&Peripherals|Cables&Accessories|Cables|USBCables,5.82,4.3
Tech,Kimheng,"AmazonBasics USB C to Lightning Aluminum with Nylon Braided MFi Certified Charging Cable (Grey, 1.8 meter)",Computers&Accessories|Accessories&Peripherals|Cables&Accessories|Cables|USBCables,23.99,4.4
Tech,Kimheng,"Wayona Usb C 65W Fast Charging Cable Compatible For Tablets Samsung S22 S20 S10 S20Fe S21 S21 Ultra A70 A51 A71 A50S M31 M51 M31S M53 5G (1M, Black)",Computers&Accessories|Accessories&Peripherals|Cables&Accessories|Cables|USBCables,13.19,4.3
Tech,Kimheng,Karbonn 80 cm (32 inches) Millenium Bezel-Less Series HD Ready Smart LED TV KJW32SKHD (Phantom Black),"Electronics|HomeTheater,TV&Video|Televisions|SmartTelevisions",227.88,3.9
Tech,Kimheng,"BlueRigger Digital Optical Audio Toslink Cable (6 Feet / 1.8 Meter) With 8 Channel (7.1) Audio Support (for Home Theatre, Xbox, Playstation etc.)","Electronics|HomeTheater,TV&Video|Accessories|Cables|OpticalCables",23.99,4.2
Tech,Kimheng,VW 60 cm (24 inches) Premium Series HD Ready LED TV VW24A (Black),"Electronics|HomeTheater,TV&Video|Televisions|StandardTelevisions",132.0,4.2
Tech,Kimheng,"Amazon Basics USB A to Lightning MFi Certified Charging Cable (White, 1.2 meter)",Computers&Accessories|Accessories&Peripherals|Cables&Accessories|Cables|USBCables,23.99,4.1
Tech,Kimheng,Samsung 138 cm (55 inches) Crystal 4K Neo Series Ultra HD Smart LED TV UA55AUE65AKXXL (Black),"Electronics|HomeTheater,TV&Video|Televisions|SmartTelevisions",850.8,4.3
Tech,Kimheng,LOHAYA Television Remote Compatible for VU LED LCD HD Tv Remote Control Model No :- EN2B27V,"Electronics|HomeTheater,TV&Video|Accessories|RemoteControls",14.39,3.7
Tech,Kimheng,"Duracell Micro USB 3A Braided Sync & Fast Charging Cable, 3.9 Feet (1.2M). Supports QC 2.0/3.0 Charging, High Speed Data Transmission - Black",Computers&Accessories|Accessories&Peripherals|Cables&Accessories|Cables|USBCables,7.19,4.1
Tech,Kimheng,"Zebronics CU3100V Fast charging Type C cable with QC 18W support, 3A max capacity, 1 meter braided cable, Data transfer and Superior durability (Braided Black + White)",Computers&Accessories|Accessories&Peripherals|Cables&Accessories|Cables|USBCables,6.59,3.9
Tech,Kimheng,"FLiX (Beetel) USB to iPhone Lightning Textured Pattern Data Sync & 2A Fast Charging Cable, Made in India, 480Mbps Data Sync, Tough Cable, 1 Meter Long USB Cable for Apple Devices (Black)(XCD-L102)",Computers&Accessories|Accessories&Peripherals|Cables&Accessories|Cables|USBCables,2.99,4.0
Tech,Kimheng,MI 108 cm (43 inches) 5A Series Full HD Smart Android LED TV L43M7-EAIN (Black),"Electronics|HomeTheater,TV&Video|Televisions|SmartTelevisions",431.99,4.2
Tech,Kimheng,"Belkin Apple Certified Lightning to USB Charge and Sync Cable for iPhone, iPad, Air Pods, 39.6 inch (100cm) – Black",Computers&Accessories|Accessories&Peripherals|Cables&Accessories|Cables|USBCables,20.39,4.4
Tech,Kimheng,Time Office Scanner Replacement Cable for Startek FM220U (Type C) Ivory,Computers&Accessories|Accessories&Peripherals|Cables&Accessories|Cables|USBCables,5.99,4.1
Tech,Kimheng,Caldipree Silicone Case Cover Compatible for 2022 Samsung Smart TV Remote QLED TV BN68-13897A TM2280E (2022-BLACK),"Electronics|HomeTheater,TV&Video|Accessories|RemoteControls",35.99,4.3
Tech,Kimheng,Storite USB 2.0 A to Mini 5 pin B Cable for External HDDS/Camera/Card Readers 35cm,Computers&Accessories|Accessories&Peripherals|Cables&Accessories|Cables|USBCables,8.39,3.8
Tech,Kimheng,Universal Remote Control for All Sony TV for All LCD LED and Bravia TVs Remote,"Electronics|HomeTheater,TV&Video|Accessories|RemoteControls",8.39,4.4
Tech,Kimheng,Cotbolt Silicone Case Cover Compatible for Samsung BN59-01312A QLED 8K 4K Smart TV Remote Shockproof Protective Remote Cover (Black),"Electronics|HomeTheater,TV&Video|Accessories|RemoteControls",11.99,4.0
Tech,Kimheng,"BlueRigger High Speed HDMI Cable with Ethernet - Supports 3D, 4K 60Hz and Audio Return - Latest Version (3 Feet / 0.9 Meter)","Electronics|HomeTheater,TV&Video|Accessories|Cables|HDMICables",7.19,4.4
Tech,Kimheng,"Amkette 30 Pin to USB Charging & Data Sync Cable for iPhone 3G/3GS/4/4s/iPad 1/2/3, iPod Nano 5th/6th Gen and iPod Touch 3rd/4th Gen -1.5m (Black)",Computers&Accessories|Accessories&Peripherals|Cables&Accessories|Cables|USBCables,7.19,4.0
Tech,Kimheng,TCL 80 cm (32 inches) HD Ready Certified Android Smart LED TV 32S615 (Black),"Electronics|HomeTheater,TV&Video|Televisions|SmartTelevisions",383.88,4.2
Tech,Kimheng,POPIO Type C Dash Charging USB Data Cable for OnePlus Devices,Computers&Accessories|Accessories&Peripherals|Cables&Accessories|Cables|USBCables,7.19,3.9
Tech,Kimheng,"MYVN LTG to USB for Fast Charging & Data Sync USB Cable Compatible for iPhone 5/5s/6/6S/7/7+/8/8+/10/11, iPad Air/Mini, iPod and iOS Devices (1 M)",Computers&Accessories|Accessories&Peripherals|Cables&Accessories|Cables|USBCables,11.99,3.7
Tech,Kimheng,Tata Sky Universal Remote Compatible for SD/HD,"Electronics|HomeTheater,TV&Video|Accessories|RemoteControls",7.19,3.6
Tech,Kimheng,"WZATCO Pixel | Portable LED Projector | Native 720p with Full HD 1080P Support | 2000 Lumens (200 ANSI) | 176"" Large Screen | Projector for Home and Outdoor | Compatible with TV Stick, PC, PS4","Electronics|HomeTheater,TV&Video|Projectors",119.88,4.0
Tech,Kimheng,7SEVEN® Compatible Tata Sky Remote Control Replacement of Original dth SD HD tata Play Set top Box Remote - IR Learning Universal Remote for Any Brand TV - Pairing Must,"Electronics|HomeTheater,TV&Video|Accessories|RemoteControls",7.19,3.5
Tech,Kimheng,"AmazonBasics USB 2.0 Extension Cable for Personal Computer, Printer, 2-Pack - A-Male to A-Female - 3.3 Feet (1 Meter, Black)",Computers&Accessories|Accessories&Peripherals|Cables&Accessories|Cables|USBCables,9.6,4.5
Tech,Kimheng,"Amazon Basics USB C to Lightning TPE MFi Certified Charging Cable (White, 1.2 meter)",Computers&Accessories|Accessories&Peripherals|Cables&Accessories|Cables|USBCables,23.99,4.2
Tech,Kimheng,Crypo™ Universal Remote Compatible with Tata Sky Universal HD & SD Set top Box (Also Works with All TV),"Electronics|HomeTheater,TV&Video|Accessories|RemoteControls",11.99,3.8
Tech,Kimheng,Karbonn 80 cm (32 Inches) Millennium Series HD Ready LED TV KJW32NSHDF (Phantom Black) with Bezel-Less Design,"Electronics|HomeTheater,TV&Video|Televisions|StandardTelevisions",203.88,3.8
Tech,Kimheng,OnePlus 138.7 cm (55 inches) U Series 4K LED Smart Android TV 55U1S (Black),"Electronics|HomeTheater,TV&Video|Televisions|SmartTelevisions",719.99,4.1
Tech,Kimheng,Posh 1.5 Meter High Speed Gold Plated HDMI Male to Female Extension Cable (Black),"Electronics|HomeTheater,TV&Video|Accessories|Cables|HDMICables",11.99,4.3
Tech,Kimheng,"Amazon Basics HDMI Coupler,Black",Electronics|HomeAudio|Accessories|Adapters,7.2,4.4
Tech,Kimheng,"boAt LTG 550v3 Lightning Apple MFi Certified Cable with Spaceship Grade Aluminium Housing,Stress Resistance, Rapid 2.4A Charging & 480mbps Data Sync, 1m Length & 10000+ Bends Lifespan(Mercurial Black)",Computers&Accessories|Accessories&Peripherals|Cables&Accessories|Cables|USBCables,17.88,3.9
Tech,Kimheng,"Wayona Nylon Braided Usb Syncing And Charging Cable Sync And Charging Cable For Iphone, Ipad (3 Ft, Black) - Pack Of 2",Computers&Accessories|Accessories&Peripherals|Cables&Accessories|Cables|USBCables,23.99,4.2
Tech,Kimheng,Astigo Compatible Remote for Airtel Digital Set Top Box (Pairing Required with TV Remote),"Electronics|HomeTheater,TV&Video|Accessories|RemoteControls",10.79,3.8
Tech,Kimheng,"Caprigo Heavy Duty TV Wall Mount Stand for 12 to 27 inches LED/LCD/Monitor Screen's, Full Motion Rotatable Universal TV & Monitor Wall Mount Bracket with Swivel & Tilt Adjustments (Single Arm - M416)","Electronics|HomeTheater,TV&Video|Accessories|TVMounts,Stands&Turntables|TVWall&CeilingMounts",9.59,4.1
Tech,Kimheng,"Portronics Konnect L 60W PD Type C to Type C Mobile Charging Cable, 1.2M, Fast Data Sync, Tangle Resistant, TPE+Nylon Braided(Grey)",Computers&Accessories|Accessories&Peripherals|Cables&Accessories|Cables|USBCables,5.99,4.1
Tech,Kimheng,TATA SKY HD Connection with 1 month basic package and free installation,"Electronics|HomeTheater,TV&Video|SatelliteEquipment|SatelliteReceivers",27.59,4.3
Tech,Kimheng,Remote Compatible for Samsung LED/LCD Remote Control Works with Samsung LED/LCD TV by Trend Trail,"Electronics|HomeTheater,TV&Video|Accessories|RemoteControls",5.99,3.7
Tech,Kimheng,SoniVision SA-D10 SA-D100 SA-D40 Home Theater Systems Remote Compatible with Sony RM-ANU156,"Electronics|HomeTheater,TV&Video|Accessories|RemoteControls",5.99,4.0
Tech,Kimheng,Rts™ High Speed 3D Full HD 1080p Support (10 Meters) HDMI Male to HDMI Male Cable TV Lead 1.4V for All Hdmi Devices- Black (10M - 30 FEET),"Electronics|HomeTheater,TV&Video|Accessories|Cables|HDMICables",59.99,4.2
Tech,Kimheng,"boAt LTG 500 Apple MFI Certified for iPhone, iPad and iPod 2Mtr Data Cable(Metallic Silver)",Computers&Accessories|Accessories&Peripherals|Cables&Accessories|Cables|USBCables,20.99,4.1
Tech,Kimheng,Agaro Blaze USBA to micro +Type C 2in1 Braided 1.2M Cable,Computers&Accessories|Accessories&Peripherals|Cables&Accessories|Cables|USBCables,7.14,4.3
Tech,Kimheng,AmazonBasics 6 Feet DisplayPort to DisplayPort Cable - (Not HDMI Cable) (Gold),Computers&Accessories|Accessories&Peripherals|Cables&Accessories|Cables|DVICables,13.2,4.4
Tech,Kimheng,MI 108 cm (43 inches) 5X Series 4K Ultra HD LED Smart Android TV L43M6-ES (Grey),"Electronics|HomeTheater,TV&Video|Televisions|SmartTelevisions",599.99,4.3
Tech,Kimheng,Sansui 140cm (55 inches) 4K Ultra HD Certified Android LED TV with Dolby Audio & Dolby Vision JSW55ASUHD (Mystique Black),"Electronics|HomeTheater,TV&Video|Televisions|SmartTelevisions",681.48,4.3
Tech,Kimheng,LOHAYA LCD/LED Remote Compatible for Sony Bravia Smart LCD LED UHD OLED QLED 4K Ultra HD TV Remote Control with YouTube & Netflix Function [ Compatible for Sony Tv Remote Control ],"Electronics|HomeTheater,TV&Video|Accessories|RemoteControls",14.39,3.5
Tech,Kimheng,"Zebronics CU3100V Fast charging Type C cable with QC 18W support, 3A max capacity, 1 meter braided cable, Data transfer and Superior durability (Braided Black )",Computers&Accessories|Accessories&Peripherals|Cables&Accessories|Cables|USBCables,6.59,3.9
Tech,Kimheng,"Belkin USB C to USB-C Fast Charging Type C Cable, 60W PD, 3.3 feet (1 meter) for Laptop, Personal Computer, Tablet, Smartphone - White, USB-IF Certified",Computers&Accessories|Accessories&Peripherals|Cables&Accessories|Cables|USBCables,10.19,4.5
Tech,Kimheng,7SEVEN® TCL Remote Control Smart TV RC802V Remote Compatible for TCL TV Remote Original 55EP680 40A325 49S6500 55P8S 55P8 50P8 65P8 40S6500 43S6500FS 49S6800FS 49S6800 49S6510FS(Without Voice Function/Google Assistant and Non-Bluetooth remote),"Electronics|HomeTheater,TV&Video|Accessories|RemoteControls",10.79,3.4
Tech,Kimheng,"Wayona 3in1 Nylon Braided 66W USB Fast Charging Cable with Type C, Lightening and Micro USB Port, Compatible with iPhone, iPad, Samsung Galaxy, OnePlus, Mi, Oppo, Vivo, iQOO, Xiaomi (1M, Black)",Computers&Accessories|Accessories&Peripherals|Cables&Accessories|Cables|USBCables,13.19,4.0
Tech,Kimheng,"Hi-Mobiler iPhone Charger Lightning Cable,2 Pack Apple MFi Certified USB iPhone Fast Chargering Cord,Data Sync Transfer for 13/12/11 Pro Max Xs X XR 8 7 6 5 5s iPad iPod More Model Cell Phone Cables",Computers&Accessories|Accessories&Peripherals|Cables&Accessories|Cables|USBCables,9.59,4.0
Tech,Kimheng,Amazon Basics 16-Gauge Speaker Wire - 50 Feet,"Electronics|HomeTheater,TV&Video|Accessories|Cables|SpeakerCables",9.54,4.4
Tech,Kimheng,"Ambrane 60W / 3A Fast Charging Output Cable with Type-C to USB for Mobile, Neckband, True Wireless Earphone Charging, 480mbps Data Sync Speed, 1m Length (ACT - AZ10, White)",Computers&Accessories|Accessories&Peripherals|Cables&Accessories|Cables|USBCables,4.79,4.0
Tech,Kimheng,"Wayona Usb Type C To Usb Nylon Braided Quick Charger Fast Charging Short Cable For Smartphone (Samsung Galaxy S21/S20/S10/S9/S9+/Note 9/S8/Note 8, Lg G7 G5 G6, Moto G6 G7) (0.25M,Grey)",Computers&Accessories|Accessories&Peripherals|Cables&Accessories|Cables|USBCables,11.99,4.3
Tech,Kimheng,"Caprigo Heavy Duty TV Wall Mount Bracket for 14 to 32 Inch LED/HD/Smart TV’s, Universal Fixed TV Wall Mount Stand (M452)","Electronics|HomeTheater,TV&Video|Accessories|TVMounts,Stands&Turntables|TVWall&CeilingMounts",11.99,4.0
Tech,Kimheng,"Smashtronics® - Case for Firetv Remote, Fire Stick Remote Cover Case, Silicone Cover for TV Firestick 4K/TV 2nd Gen(3rd Gen) Remote Control - Light Weight/Anti Slip/Shockproof (Black)","Electronics|HomeTheater,TV&Video|Accessories|RemoteControls",4.79,4.2
Tech,Kimheng,Electvision Remote Control for led Smart tv Compatible with VU Smart Led (Without Voice),"Electronics|HomeTheater,TV&Video|Accessories|RemoteControls",23.99,3.8
Tech,Kimheng,Boat A 350 Type C Cable 1.5m(Jet Black),Computers&Accessories|Accessories&Peripherals|Cables&Accessories|Cables|USBCables,9.58,4.4
Tech,Kimheng,"pTron Solero M241 2.4A Micro USB Data & Charging Cable, Made in India, 480Mbps Data Sync, Durable 1-Meter Long USB Cable for Micro USB Devices (White)",Computers&Accessories|Accessories&Peripherals|Cables&Accessories|Cables|USBCables,9.6,3.9
Tech,Kimheng,"AmazonBasics USB Type-C to USB Type-C 2.0 Cable for Charging Adapter, Smartphone - 9 Feet (2.7 Meters) - White",Computers&Accessories|Accessories&Peripherals|Cables&Accessories|Cables|USBCables,11.94,4.2
Tech,Kimheng,"Croma 3A Fast charge 1m Type-C to All Type-C Phones sync and charge cable, Made in India, 480Mbps Data transfer rate, Tested Durability with 8000+ bends (12 months warranty) - CRCMA0106sTC10, Black",Computers&Accessories|Accessories&Peripherals|Cables&Accessories|Cables|USBCables,12.0,3.9
Tech,Kimheng,Sony Bravia 164 cm (65 inches) 4K Ultra HD Smart LED Google TV KD-65X74K (Black),"Electronics|HomeTheater,TV&Video|Televisions|SmartTelevisions",1678.8,4.7
Tech,Kimheng,7SEVEN® Compatible for Mi tv Remote Control Original Suitable with Smart Android 4K LED Non Voice Command Xiaomi Redmi Remote of 4A Model 32 43 55 65 inches,"Electronics|HomeTheater,TV&Video|Accessories|RemoteControls",9.59,3.6
Tech,Kimheng,7SEVEN® Compatible Vu Smart Tv Remote Control Suitable for Original 4K Android LED Ultra HD UHD Vu Tv Remote with Non Voice Feature without google assistant,"Electronics|HomeTheater,TV&Video|Accessories|RemoteControls",10.79,3.7
Tech,Kimheng,Storite High Speed Micro USB 3.0 Cable A to Micro B for External & Desktop Hard Drives 45cm,Computers&Accessories|Accessories&Peripherals|Cables&Accessories|Cables|USBCables,9.59,4.2
Tech,Kimheng,"FLiX (Beetel) 3in1 (Type C|Micro|Iphone Lightening) Textured Pattern 3A Fast Charging Cable with QC & PD Support for Type C,Micro USB & Lightning Iphone Cable,Made in India,1.5 Meter Long Cable(T101)",Computers&Accessories|Accessories&Peripherals|Cables&Accessories|Cables|USBCables,7.19,4.0
Tech,Kimheng,SVM Products Unbreakable Set Top Box Stand with Dual Remote Holder (Black),"Electronics|HomeTheater,TV&Video|Accessories|TVMounts,Stands&Turntables|TVWall&CeilingMounts",4.79,3.6
Tech,Kimheng,VU 164 cm (65 inches) The GloLED Series 4K Smart LED Google TV 65GloLED (Grey),"Electronics|HomeTheater,TV&Video|Televisions|SmartTelevisions",1020.0,4.3
Tech,Kimheng,"CableCreation RCA to 3.5mm Male Audio Cable, 3.5mm to 2RCA Cable Male RCA Cable,Y Splitter Stereo Jack Cable for Home Theater,Subwoofer, Receiver, Speakers and More (3Feet/0.9Meter,Black)","Electronics|HomeTheater,TV&Video|Accessories|Cables|RCACables",9.1,4.2
Tech,Kimheng,"Wayona USB Type C Fast Charging Cable Charger Cord 3A QC 3.0 Data Cable Compatible with Samsung Galaxy S10e S10 S9 S8 S20 Plus, Note 10 9 8, M51 A40 A50 A70, Moto G7 G8 (1M, Grey)",Computers&Accessories|Accessories&Peripherals|Cables&Accessories|Cables|USBCables,11.99,4.3
Tech,Kimheng,boAt Rugged V3 Braided Micro USB Cable (Pearl White),Computers&Accessories|Accessories&Peripherals|Cables&Accessories|Cables|USBCables,9.59,4.2
Tech,Kimheng,"Amazon Basics USB A to Lightning PVC Molded Nylon MFi Certified Charging Cable (Black, 1.2 meter)",Computers&Accessories|Accessories&Peripherals|Cables&Accessories|Cables|USBCables,23.99,4.2
Tech,Kimheng,AmazonBasics - High-Speed Male to Female HDMI Extension Cable - 6 Feet,"Electronics|HomeTheater,TV&Video|Accessories|Cables|HDMICables",8.4,4.4
Tech,Kimheng,"Wayona Nylon Braided Usb Type C 3Ft 1M 3A Fast Charger Cable For Samsung Galaxy S9 S8 (Wc3Cb1, Black)",Computers&Accessories|Accessories&Peripherals|Cables&Accessories|Cables|USBCables,13.19,4.2
Tech,Kimheng,"Belkin Apple Certified Lightning to USB Charge and Sync Tough Braided Cable for iPhone, iPad, Air Pods, 3.3 feet (1 meters) – Black",Computers&Accessories|Accessories&Peripherals|Cables&Accessories|Cables|USBCables,23.99,4.4
Tech,Kimheng,7SEVEN Compatible LG TV Remote Suitable for LG Non Magic Smart tv Remote Control (Mouse & Voice Non-Support) MR20GA Prime Video and Netflix Hotkeys,"Electronics|HomeTheater,TV&Video|Accessories|RemoteControls",23.99,3.0
Tech,Kimheng,Realme Smart TV Stick 4K,Electronics|HomeAudio|MediaStreamingDevices|StreamingClients,56.39,4.5
Tech,Kimheng,Acer 100 cm (40 inches) P Series Full HD Android Smart LED TV AR40AR2841FDFL (Black),"Electronics|HomeTheater,TV&Video|Televisions|SmartTelevisions",299.88,4.3
Tech,Kimheng,"Lapster usb 2.0 mantra cable, mantra mfs 100 data cable (black)",Computers&Accessories|Accessories&Peripherals|Cables&Accessories|Cables|USBCables,11.99,4.2
Tech,Kimheng,"AmazonBasics High-Speed Braided HDMI Cable - 3 Feet - Supports Ethernet, 3D, 4K and Audio Return (Black)","Electronics|HomeTheater,TV&Video|Accessories|Cables|HDMICables",7.8,4.4
Tech,Kimheng,"Cubetek 3 in 1 LCD Display V5.0 Bluetooth Transmitter Receiver, Bypass Audio Adapter with Aux, Optical, Dual Link Support for TV, Home Stereo, PC, Headphones, Speakers, Model: CB-BT27","Electronics|HomeTheater,TV&Video|AVReceivers&Amplifiers",37.2,4.0
Tech,Kimheng,"KRISONS Thunder Speaker, Multimedia Home Theatre, Floor Standing Speaker, LED Display with Bluetooth, FM, USB, Micro SD Card, AUX Connectivity",Electronics|HomeAudio|Speakers|TowerSpeakers,47.99,3.8
Tech,Kimheng,Acer 139 cm (55 inches) H Series 4K Ultra HD Android Smart LED TV AR55AR2851UDPRO (Black),"Electronics|HomeTheater,TV&Video|Televisions|SmartTelevisions",599.88,4.3
Tech,Kimheng,Dealfreez Case Compatible for Fire TV Stick 4K All Alexa Voice Remote Shockproof Silicone Anti-Lost Cover with Loop (C-Black),"Electronics|HomeTheater,TV&Video|Accessories|RemoteControls",11.99,4.2
Tech,Kimheng,"Wayona Type C to Lightning MFI Certified 20W Fast charging Nylon Braided USB C Cable for iPhone 14 Pro, 14 Pro Max, 14, 14 Plus, 13, 13 Pro, 13 Pro Max, 13 Mini, 12, 12 Pro, 11, 11 Pro Max, iPhone 12 Mini (2M, Black)",Computers&Accessories|Accessories&Peripherals|Cables&Accessories|Cables|USBCables,17.99,4.1
Tech,Kimheng,VW 80 cm (32 inches) HD Ready Android Smart LED TV VW32PRO (Black),"Electronics|HomeTheater,TV&Video|Televisions|SmartTelevisions",227.99,4.0
Tech,Kimheng,Airtel Digital TV HD Set Top Box with 1 Month Basic Pack with Recording + Free Standard Installation,"Electronics|HomeTheater,TV&Video|SatelliteEquipment|SatelliteReceivers",27.59,4.2
Tech,Kimheng,LOHAYA Voice Assistant Remote Compatible for Airtel Xstream Set-Top Box Remote Control with Netflix Function (Black) (Non - Voice),"Electronics|HomeTheater,TV&Video|Accessories|RemoteControls",11.99,3.3
Tech,Kimheng,Samsung 138 cm (55 inches) Crystal 4K Series Ultra HD Smart LED TV UA55AUE60AKLXL (Black),"Electronics|HomeTheater,TV&Video|Televisions|SmartTelevisions",838.8,4.3
Tech,Kimheng,Amazon Brand - Solimo 3A Fast Charging Tough Type C USB Data Cable  – 1 Meter,Computers&Accessories|Accessories&Peripherals|Cables&Accessories|Cables|USBCables,3.59,3.8
Tech,Kimheng,Mi 100 cm (40 inches) Horizon Edition Full HD Android LED TV 4A | L40M6-EI (Black),"Electronics|HomeTheater,TV&Video|Televisions|SmartTelevisions",359.99,4.2
Tech,Kimheng,"Astigo Compatible Remote Control for Mi Smart LED 4A (43""/32"")","Electronics|HomeTheater,TV&Video|Accessories|RemoteControls",7.19,3.7
Tech,Kimheng,Toshiba 108 cm (43 inches) V Series Full HD Smart Android LED TV 43V35KP (Silver),"Electronics|HomeTheater,TV&Video|Televisions|SmartTelevisions",419.88,4.3
Tech,Kimheng,"Lenovo USB A to Type-C Tangle-free  Aramid fiber braided 1.2m cable with 4A Fast charging & 480 MBPS data transmission, certified 10000+ bend lifespan, Metallic Grey",Computers&Accessories|Accessories&Peripherals|Cables&Accessories|Cables|USBCables,8.04,3.9
Tech,Kimheng,"Amazon Brand - Solimo 65W Fast Charging Braided Type C to C Data Cable | Suitable For All Supported Mobile Phones (1 Meter, Black)",Computers&Accessories|Accessories&Peripherals|Cables&Accessories|Cables|USBCables,11.99,3.0
Tech,Kimheng,LG 139 cm (55 inches) 4K Ultra HD Smart LED TV 55UQ7500PSF (Ceramic Black),"Electronics|HomeTheater,TV&Video|Televisions|SmartTelevisions",959.88,4.3
Tech,Kimheng,Tata Sky Digital TV HD Setup Box Remote,"Electronics|HomeTheater,TV&Video|Accessories|RemoteControls",5.99,3.5
Tech,Kimheng,"pTron Solero T241 2.4A Type-C Data & Charging USB Cable, Made in India, 480Mbps Data Sync, Durable 1-Meter Long USB Cable for Smartphone, Type-C USB Devices (White)",Computers&Accessories|Accessories&Peripherals|Cables&Accessories|Cables|USBCables,9.6,3.9
Tech,Kimheng,VU 108 cm (43 inches) Premium Series Full HD Smart LED TV 43GA (Black),"Electronics|HomeTheater,TV&Video|Televisions|SmartTelevisions",420.0,4.0
Tech,Kimheng,"Storite Super Speed USB 3.0 Male to Male Cable for Hard Drive Enclosures, Laptop Cooling Pad, DVD Players(60cm,Black)",Computers&Accessories|Accessories&Peripherals|Cables&Accessories|Cables|USBCables,11.99,4.3
Tech,Kimheng,Kodak 80 cm (32 Inches) HD Ready LED TV Kodak 32HDX900S (Black),"Electronics|HomeTheater,TV&Video|Televisions|StandardTelevisions",191.99,3.8
Tech,Kimheng,"AmazonBasics Double Braided Nylon USB Type-C to Type-C 2.0 Cable, Charging Adapter, Smartphone 6 feet, Dark Grey",Computers&Accessories|Accessories&Peripherals|Cables&Accessories|Cables|USBCables,19.2,4.3
Tech,Kimheng,Firestick Remote,"Electronics|HomeTheater,TV&Video|Accessories|RemoteControls",29.99,3.3
Tech,Kimheng,"AmazonBasics 10.2 Gbps High-Speed 4K HDMI Cable with Braided Cord (10-Foot, Dark Grey)","Electronics|HomeTheater,TV&Video|Accessories|Cables|HDMICables",18.0,4.5
Tech,Kimheng,Hisense 126 cm (50 inches) Bezelless Series 4K Ultra HD Smart LED Google TV 50A6H (Black),"Electronics|HomeTheater,TV&Video|Televisions|SmartTelevisions",659.88,4.1
Tech,Kimheng,"Tuarso 8K HDMI 2.1 Cable 48Gbps , 1.5 Meter High-Speed Braided HDMI Cable ( 8K@60HZ、4K@120HZ、2K@240HZ ) HDMI 2.1 Cable Compatible with Monitors , Television , Laptops , Projectors , Game Consoles and more with HDMI Ports Device","Electronics|HomeTheater,TV&Video|Accessories|Cables|HDMICables",23.99,4.2
Tech,Kimheng,AmazonBasics USB Type-C to Micro-B 2.0 Cable - 6 Inches (15.2 Centimeters) - White,Computers&Accessories|Accessories&Peripherals|Cables&Accessories|Cables|USBCables,10.79,4.1
Tech,Kimheng,Kodak 139 cm (55 inches) 4K Ultra HD Smart LED TV 55CA0909 (Black),"Electronics|HomeTheater,TV&Video|Televisions|SmartTelevisions",611.99,4.4
Tech,Kimheng,"Smashtronics® - Case for Firetv Remote, Fire Stick Remote Cover Case, Silicone Cover for TV Firestick 4K/TV 2nd Gen(3rd Gen) Remote Control - Light Weight/Anti Slip/Shockproof (Black)","Electronics|HomeTheater,TV&Video|Accessories|RemoteControls",4.79,4.2
Tech,Kimheng,7SEVEN® Suitable Sony Tv Remote Original Bravia for Smart Android Television Compatible for Any Model of LCD LED OLED UHD 4K Universal Sony Remote Control,"Electronics|HomeTheater,TV&Video|Accessories|RemoteControls",8.39,3.9
Tech,Kimheng,"PROLEGEND® PL-T002 Universal TV Stand Table Top for Most 22 to 65 inch LCD Flat Screen TV, VESA up to 800 by 400mm","Electronics|HomeTheater,TV&Video|Accessories|TVMounts,Stands&Turntables|TVWall&CeilingMounts",54.0,4.0
Tech,Kimheng,WANBO X1 Pro (Upgraded) | Native 1080P Full HD | Android 9 | Projector for Home | LED Cinema | 350ANSI | 3900 lumens | WiFi Bluetooth | HDMI ARC | Dolby DTS | 4D Keystone Correction (Global Version),"Electronics|HomeTheater,TV&Video|Projectors",346.8,4.5
